"","V1","V2","V3","V4","V5","V6","Farm","Cow_Code","Country"
"1",98,98,0,0,2,-9,"UK1","UK98","UK"
"2",99,99,0,0,2,-9,"UK1","UK99","UK"
"3",10,10,0,0,2,-9,"UK1","UK10","UK"
"4",100,100,0,0,2,-9,"UK1","UK100","UK"
"5",1000,1000,0,0,2,-9,"UK2","UK1000","UK"
"6",1001,1001,0,0,2,-9,"UK2","UK1001","UK"
"7",1002,1002,0,0,2,-9,"UK2","UK1002","UK"
"8",1003,1003,0,0,2,-9,"UK2","UK1003","UK"
"9",1004,1004,0,0,2,-9,"UK2","UK1004","UK"
"10",1005,1005,0,0,2,-9,"UK2","UK1005","UK"
"11",1006,1006,0,0,2,-9,"UK2","UK1006","UK"
"12",1007,1007,0,0,2,-9,"IT2","IT1007","IT"
"13",1008,1008,0,0,2,-9,"IT2","IT1008","IT"
"14",101,101,0,0,2,-9,"UK1","UK101","UK"
"15",1010,1010,0,0,2,-9,"IT2","IT1010","IT"
"16",1011,1011,0,0,2,-9,"IT2","IT1011","IT"
"17",1012,1012,0,0,2,-9,"IT2","IT1012","IT"
"18",1013,1013,0,0,2,-9,"IT2","IT1013","IT"
"19",1014,1014,0,0,2,-9,"IT2","IT1014","IT"
"20",1015,1015,0,0,2,-9,"IT2","IT1015","IT"
"21",1016,1016,0,0,2,-9,"IT2","IT1016","IT"
"22",102,102,0,0,2,-9,"UK1","UK102","UK"
"23",103,103,0,0,2,-9,"UK1","UK103","UK"
"24",104,104,0,0,2,-9,"UK1","UK104","UK"
"25",105,105,0,0,2,-9,"UK1","UK105","UK"
"26",106,106,0,0,2,-9,"UK1","UK106","UK"
"27",107,107,0,0,2,-9,"UK1","UK107","UK"
"28",108,108,0,0,2,-9,"UK1","UK108","UK"
"29",109,109,0,0,2,-9,"UK1","UK109","UK"
"30",11,11,0,0,2,-9,"UK1","UK11","UK"
"31",110,110,0,0,2,-9,"UK1","UK110","UK"
"32",111,111,0,0,2,-9,"UK1","UK111","UK"
"33",112,112,0,0,2,-9,"UK1","UK112","UK"
"34",113,113,0,0,2,-9,"UK1","UK113","UK"
"35",114,114,0,0,2,-9,"UK1","UK114","UK"
"36",115,115,0,0,2,-9,"UK1","UK115","UK"
"37",116,116,0,0,2,-9,"UK1","UK116","UK"
"38",117,117,0,0,2,-9,"UK1","UK117","UK"
"39",118,118,0,0,2,-9,"UK1","UK118","UK"
"40",119,119,0,0,2,-9,"UK1","UK119","UK"
"41",120,120,0,0,2,-9,"UK1","UK120","UK"
"42",121,121,0,0,2,-9,"UK1","UK121","UK"
"43",122,122,0,0,2,-9,"UK1","UK122","UK"
"44",123,123,0,0,2,-9,"UK1","UK123","UK"
"45",124,124,0,0,2,-9,"UK1","UK124","UK"
"46",125,125,0,0,2,-9,"UK1","UK125","UK"
"47",126,126,0,0,2,-9,"UK1","UK126","UK"
"48",127,127,0,0,2,-9,"UK1","UK127","UK"
"49",128,128,0,0,2,-9,"UK1","UK128","UK"
"50",129,129,0,0,2,-9,"UK1","UK129","UK"
"51",13,13,0,0,2,-9,"UK1","UK13","UK"
"52",130,130,0,0,2,-9,"UK1","UK130","UK"
"53",131,131,0,0,2,-9,"UK1","UK131","UK"
"54",132,132,0,0,2,-9,"UK1","UK132","UK"
"55",133,133,0,0,2,-9,"UK1","UK133","UK"
"56",134,134,0,0,2,-9,"UK1","UK134","UK"
"57",135,135,0,0,2,-9,"UK1","UK135","UK"
"58",136,136,0,0,2,-9,"UK1","UK136","UK"
"59",137,137,0,0,2,-9,"UK1","UK137","UK"
"60",138,138,0,0,2,-9,"UK1","UK138","UK"
"61",139,139,0,0,2,-9,"UK1","UK139","UK"
"62",14,14,0,0,2,-9,"UK1","UK14","UK"
"63",140,140,0,0,2,-9,"UK1","UK140","UK"
"64",141,141,0,0,2,-9,"UK1","UK141","UK"
"65",142,142,0,0,2,-9,"UK1","UK142","UK"
"66",143,143,0,0,2,-9,"UK1","UK143","UK"
"67",144,144,0,0,2,-9,"UK1","UK144","UK"
"68",145,145,0,0,2,-9,"UK1","UK145","UK"
"69",146,146,0,0,2,-9,"UK1","UK146","UK"
"70",147,147,0,0,2,-9,"UK1","UK147","UK"
"71",148,148,0,0,2,-9,"UK1","UK148","UK"
"72",149,149,0,0,2,-9,"UK1","UK149","UK"
"73",15,15,0,0,2,-9,"UK1","UK15","UK"
"74",150,150,0,0,2,-9,"UK1","UK150","UK"
"75",151,151,0,0,2,-9,"UK1","UK151","UK"
"76",152,152,0,0,2,-9,"UK1","UK152","UK"
"77",153,153,0,0,2,-9,"UK1","UK153","UK"
"78",154,154,0,0,2,-9,"UK1","UK154","UK"
"79",155,155,0,0,2,-9,"UK1","UK155","UK"
"80",156,156,0,0,2,-9,"UK1","UK156","UK"
"81",157,157,0,0,2,-9,"UK1","UK157","UK"
"82",158,158,0,0,2,-9,"UK1","UK158","UK"
"83",159,159,0,0,2,-9,"UK1","UK159","UK"
"84",160,160,0,0,2,-9,"UK1","UK160","UK"
"85",161,161,0,0,2,-9,"UK1","UK161","UK"
"86",162,162,0,0,2,-9,"UK1","UK162","UK"
"87",163,163,0,0,2,-9,"UK1","UK163","UK"
"88",164,164,0,0,2,-9,"UK1","UK164","UK"
"89",165,165,0,0,2,-9,"UK1","UK165","UK"
"90",166,166,0,0,2,-9,"UK1","UK166","UK"
"91",167,167,0,0,2,-9,"UK1","UK167","UK"
"92",168,168,0,0,2,-9,"UK1","UK168","UK"
"93",169,169,0,0,2,-9,"UK1","UK169","UK"
"94",17,17,0,0,2,-9,"UK1","UK17","UK"
"95",170,170,0,0,2,-9,"UK1","UK170","UK"
"96",171,171,0,0,2,-9,"UK1","UK171","UK"
"97",172,172,0,0,2,-9,"UK1","UK172","UK"
"98",173,173,0,0,2,-9,"UK1","UK173","UK"
"99",174,174,0,0,2,-9,"UK1","UK174","UK"
"100",175,175,0,0,2,-9,"UK1","UK175","UK"
"101",176,176,0,0,2,-9,"UK1","UK176","UK"
"102",177,177,0,0,2,-9,"UK1","UK177","UK"
"103",178,178,0,0,2,-9,"UK1","UK178","UK"
"104",179,179,0,0,2,-9,"UK1","UK179","UK"
"105",18,18,0,0,2,-9,"UK1","UK18","UK"
"106",180,180,0,0,2,-9,"UK1","UK180","UK"
"107",181,181,0,0,2,-9,"UK1","UK181","UK"
"108",182,182,0,0,2,-9,"UK1","UK182","UK"
"109",183,183,0,0,2,-9,"UK1","UK183","UK"
"110",184,184,0,0,2,-9,"UK1","UK184","UK"
"111",185,185,0,0,2,-9,"UK1","UK185","UK"
"112",186,186,0,0,2,-9,"UK1","UK186","UK"
"113",187,187,0,0,2,-9,"UK1","UK187","UK"
"114",188,188,0,0,2,-9,"UK1","UK188","UK"
"115",189,189,0,0,2,-9,"UK1","UK189","UK"
"116",19,19,0,0,2,-9,"UK1","UK19","UK"
"117",190,190,0,0,2,-9,"UK1","UK190","UK"
"118",191,191,0,0,2,-9,"UK1","UK191","UK"
"119",192,192,0,0,2,-9,"UK1","UK192","UK"
"120",193,193,0,0,2,-9,"UK1","UK193","UK"
"121",194,194,0,0,2,-9,"UK1","UK194","UK"
"122",195,195,0,0,2,-9,"UK1","UK195","UK"
"123",196,196,0,0,2,-9,"UK1","UK196","UK"
"124",197,197,0,0,2,-9,"UK1","UK197","UK"
"125",198,198,0,0,2,-9,"UK1","UK198","UK"
"126",199,199,0,0,2,-9,"UK1","UK199","UK"
"127",200,200,0,0,2,-9,"UK2","UK200","UK"
"128",201,201,0,0,2,-9,"UK2","UK201","UK"
"129",202,202,0,0,2,-9,"UK2","UK202","UK"
"130",203,203,0,0,2,-9,"UK2","UK203","UK"
"131",204,204,0,0,2,-9,"UK2","UK204","UK"
"132",205,205,0,0,2,-9,"UK2","UK205","UK"
"133",206,206,0,0,2,-9,"UK2","UK206","UK"
"134",207,207,0,0,2,-9,"UK2","UK207","UK"
"135",208,208,0,0,2,-9,"UK2","UK208","UK"
"136",21,21,0,0,2,-9,"UK1","UK21","UK"
"137",210,210,0,0,2,-9,"UK2","UK210","UK"
"138",211,211,0,0,2,-9,"UK2","UK211","UK"
"139",212,212,0,0,2,-9,"UK2","UK212","UK"
"140",213,213,0,0,2,-9,"UK2","UK213","UK"
"141",214,214,0,0,2,-9,"UK2","UK214","UK"
"142",215,215,0,0,2,-9,"UK2","UK215","UK"
"143",216,216,0,0,2,-9,"UK2","UK216","UK"
"144",217,217,0,0,2,-9,"UK2","UK217","UK"
"145",218,218,0,0,2,-9,"UK1","UK218","UK"
"146",219,219,0,0,2,-9,"UK2","UK219","UK"
"147",22,22,0,0,2,-9,"UK1","UK22","UK"
"148",220,220,0,0,2,-9,"UK2","UK220","UK"
"149",221,221,0,0,2,-9,"UK2","UK221","UK"
"150",222,222,0,0,2,-9,"UK2","UK222","UK"
"151",223,223,0,0,2,-9,"UK2","UK223","UK"
"152",224,224,0,0,2,-9,"UK2","UK224","UK"
"153",225,225,0,0,2,-9,"UK2","UK225","UK"
"154",226,226,0,0,2,-9,"UK2","UK226","UK"
"155",227,227,0,0,2,-9,"UK2","UK227","UK"
"156",228,228,0,0,2,-9,"UK2","UK228","UK"
"157",229,229,0,0,2,-9,"UK2","UK229","UK"
"158",23,23,0,0,2,-9,"UK1","UK23","UK"
"159",230,230,0,0,2,-9,"UK2","UK230","UK"
"160",231,231,0,0,2,-9,"UK2","UK231","UK"
"161",232,232,0,0,2,-9,"UK2","UK232","UK"
"162",235,235,0,0,2,-9,"UK2","UK235","UK"
"163",236,236,0,0,2,-9,"UK2","UK236","UK"
"164",237,237,0,0,2,-9,"UK2","UK237","UK"
"165",238,238,0,0,2,-9,"UK2","UK238","UK"
"166",239,239,0,0,2,-9,"UK2","UK239","UK"
"167",24,24,0,0,2,-9,"UK1","UK24","UK"
"168",240,240,0,0,2,-9,"UK2","UK240","UK"
"169",241,241,0,0,2,-9,"UK2","UK241","UK"
"170",242,242,0,0,2,-9,"UK2","UK242","UK"
"171",243,243,0,0,2,-9,"UK2","UK243","UK"
"172",244,244,0,0,2,-9,"UK2","UK244","UK"
"173",245,245,0,0,2,-9,"UK2","UK245","UK"
"174",246,246,0,0,2,-9,"UK2","UK246","UK"
"175",247,247,0,0,2,-9,"UK2","UK247","UK"
"176",248,248,0,0,2,-9,"UK2","UK248","UK"
"177",249,249,0,0,2,-9,"UK2","UK249","UK"
"178",25,25,0,0,2,-9,"UK1","UK25","UK"
"179",250,250,0,0,2,-9,"UK2","UK250","UK"
"180",251,251,0,0,2,-9,"UK2","UK251","UK"
"181",252,252,0,0,2,-9,"UK2","UK252","UK"
"182",253,253,0,0,2,-9,"UK2","UK253","UK"
"183",254,254,0,0,2,-9,"UK2","UK254","UK"
"184",255,255,0,0,2,-9,"UK2","UK255","UK"
"185",256,256,0,0,2,-9,"UK2","UK256","UK"
"186",257,257,0,0,2,-9,"UK2","UK257","UK"
"187",258,258,0,0,2,-9,"UK2","UK258","UK"
"188",259,259,0,0,2,-9,"UK2","UK259","UK"
"189",26,26,0,0,2,-9,"UK1","UK26","UK"
"190",260,260,0,0,2,-9,"UK2","UK260","UK"
"191",261,261,0,0,2,-9,"UK2","UK261","UK"
"192",262,262,0,0,2,-9,"UK2","UK262","UK"
"193",263,263,0,0,2,-9,"UK2","UK263","UK"
"194",264,264,0,0,2,-9,"UK2","UK264","UK"
"195",265,265,0,0,2,-9,"UK2","UK265","UK"
"196",266,266,0,0,2,-9,"UK2","UK266","UK"
"197",267,267,0,0,2,-9,"UK2","UK267","UK"
"198",268,268,0,0,2,-9,"UK2","UK268","UK"
"199",269,269,0,0,2,-9,"UK2","UK269","UK"
"200",27,27,0,0,2,-9,"UK1","UK27","UK"
"201",270,270,0,0,2,-9,"UK2","UK270","UK"
"202",271,271,0,0,2,-9,"UK2","UK271","UK"
"203",272,272,0,0,2,-9,"UK2","UK272","UK"
"204",274,274,0,0,2,-9,"UK2","UK274","UK"
"205",275,275,0,0,2,-9,"UK2","UK275","UK"
"206",276,276,0,0,2,-9,"UK2","UK276","UK"
"207",277,277,0,0,2,-9,"UK2","UK277","UK"
"208",278,278,0,0,2,-9,"UK2","UK278","UK"
"209",279,279,0,0,2,-9,"UK2","UK279","UK"
"210",28,28,0,0,2,-9,"UK1","UK28","UK"
"211",280,280,0,0,2,-9,"UK1","UK280","UK"
"212",281,281,0,0,2,-9,"UK2","UK281","UK"
"213",282,282,0,0,2,-9,"UK2","UK282","UK"
"214",283,283,0,0,2,-9,"UK1","UK283","UK"
"215",284,284,0,0,2,-9,"UK1","UK284","UK"
"216",286,286,0,0,2,-9,"UK1","UK286","UK"
"217",287,287,0,0,2,-9,"UK1","UK287","UK"
"218",29,29,0,0,2,-9,"UK1","UK29","UK"
"219",291,291,0,0,2,-9,"UK1","UK291","UK"
"220",292,292,0,0,2,-9,"UK1","UK292","UK"
"221",293,293,0,0,2,-9,"UK1","UK293","UK"
"222",294,294,0,0,2,-9,"UK1","UK294","UK"
"223",297,297,0,0,2,-9,"UK2","UK297","UK"
"224",299,299,0,0,2,-9,"UK2","UK299","UK"
"225",30,30,0,0,2,-9,"UK1","UK30","UK"
"226",300,300,0,0,2,-9,"UK2","UK300","UK"
"227",301,301,0,0,2,-9,"UK2","UK301","UK"
"228",303,303,0,0,2,-9,"UK2","UK303","UK"
"229",304,304,0,0,2,-9,"UK2","UK304","UK"
"230",305,305,0,0,2,-9,"UK2","UK305","UK"
"231",306,306,0,0,2,-9,"UK2","UK306","UK"
"232",308,308,0,0,2,-9,"UK2","UK308","UK"
"233",309,309,0,0,2,-9,"UK2","UK309","UK"
"234",31,31,0,0,2,-9,"UK1","UK31","UK"
"235",310,310,0,0,2,-9,"UK2","UK310","UK"
"236",311,311,0,0,2,-9,"UK2","UK311","UK"
"237",312,312,0,0,2,-9,"UK2","UK312","UK"
"238",313,313,0,0,2,-9,"UK2","UK313","UK"
"239",314,314,0,0,2,-9,"UK2","UK314","UK"
"240",315,315,0,0,2,-9,"UK2","UK315","UK"
"241",316,316,0,0,2,-9,"UK2","UK316","UK"
"242",317,317,0,0,2,-9,"UK2","UK317","UK"
"243",318,318,0,0,2,-9,"UK2","UK318","UK"
"244",319,319,0,0,2,-9,"UK2","UK319","UK"
"245",32,32,0,0,2,-9,"UK1","UK32","UK"
"246",320,320,0,0,2,-9,"UK2","UK320","UK"
"247",321,321,0,0,2,-9,"UK2","UK321","UK"
"248",322,322,0,0,2,-9,"UK2","UK322","UK"
"249",323,323,0,0,2,-9,"UK2","UK323","UK"
"250",325,325,0,0,2,-9,"UK2","UK325","UK"
"251",326,326,0,0,2,-9,"UK2","UK326","UK"
"252",327,327,0,0,2,-9,"UK2","UK327","UK"
"253",328,328,0,0,2,-9,"UK2","UK328","UK"
"254",329,329,0,0,2,-9,"UK2","UK329","UK"
"255",33,33,0,0,2,-9,"UK1","UK33","UK"
"256",330,330,0,0,2,-9,"UK2","UK330","UK"
"257",331,331,0,0,2,-9,"UK2","UK331","UK"
"258",332,332,0,0,2,-9,"UK2","UK332","UK"
"259",333,333,0,0,2,-9,"UK2","UK333","UK"
"260",334,334,0,0,2,-9,"UK2","UK334","UK"
"261",335,335,0,0,2,-9,"UK2","UK335","UK"
"262",336,336,0,0,2,-9,"UK2","UK336","UK"
"263",337,337,0,0,2,-9,"UK2","UK337","UK"
"264",338,338,0,0,2,-9,"UK2","UK338","UK"
"265",339,339,0,0,2,-9,"UK2","UK339","UK"
"266",34,34,0,0,2,-9,"UK1","UK34","UK"
"267",340,340,0,0,2,-9,"UK2","UK340","UK"
"268",341,341,0,0,2,-9,"UK2","UK341","UK"
"269",342,342,0,0,2,-9,"UK2","UK342","UK"
"270",343,343,0,0,2,-9,"UK2","UK343","UK"
"271",344,344,0,0,2,-9,"UK1","UK344","UK"
"272",345,345,0,0,2,-9,"UK1","UK345","UK"
"273",346,346,0,0,2,-9,"UK1","UK346","UK"
"274",347,347,0,0,2,-9,"UK1","UK347","UK"
"275",348,348,0,0,2,-9,"UK1","UK348","UK"
"276",35,35,0,0,2,-9,"UK1","UK35","UK"
"277",350,350,0,0,2,-9,"UK1","UK350","UK"
"278",351,351,0,0,2,-9,"UK1","UK351","UK"
"279",352,352,0,0,2,-9,"UK1","UK352","UK"
"280",353,353,0,0,2,-9,"UK1","UK353","UK"
"281",354,354,0,0,2,-9,"UK1","UK354","UK"
"282",355,355,0,0,2,-9,"UK1","UK355","UK"
"283",356,356,0,0,2,-9,"UK1","UK356","UK"
"284",357,357,0,0,2,-9,"UK1","UK357","UK"
"285",358,358,0,0,2,-9,"UK1","UK358","UK"
"286",359,359,0,0,2,-9,"UK1","UK359","UK"
"287",36,36,0,0,2,-9,"UK1","UK36","UK"
"288",360,360,0,0,2,-9,"UK1","UK360","UK"
"289",361,361,0,0,2,-9,"UK1","UK361","UK"
"290",362,362,0,0,2,-9,"UK1","UK362","UK"
"291",363,363,0,0,2,-9,"UK1","UK363","UK"
"292",364,364,0,0,2,-9,"UK1","UK364","UK"
"293",365,365,0,0,2,-9,"UK2","UK365","UK"
"294",366,366,0,0,2,-9,"UK2","UK366","UK"
"295",367,367,0,0,2,-9,"UK1","UK367","UK"
"296",368,368,0,0,2,-9,"UK1","UK368","UK"
"297",369,369,0,0,2,-9,"UK1","UK369","UK"
"298",37,37,0,0,2,-9,"UK1","UK37","UK"
"299",370,370,0,0,2,-9,"UK1","UK370","UK"
"300",371,371,0,0,2,-9,"UK1","UK371","UK"
"301",372,372,0,0,2,-9,"UK2","UK372","UK"
"302",374,374,0,0,2,-9,"UK2","UK374","UK"
"303",375,375,0,0,2,-9,"UK2","UK375","UK"
"304",376,376,0,0,2,-9,"UK2","UK376","UK"
"305",377,377,0,0,2,-9,"UK2","UK377","UK"
"306",378,378,0,0,2,-9,"UK2","UK378","UK"
"307",379,379,0,0,2,-9,"UK2","UK379","UK"
"308",38,38,0,0,2,-9,"UK1","UK38","UK"
"309",380,380,0,0,2,-9,"UK2","UK380","UK"
"310",381,381,0,0,2,-9,"UK2","UK381","UK"
"311",382,382,0,0,2,-9,"UK2","UK382","UK"
"312",383,383,0,0,2,-9,"UK2","UK383","UK"
"313",384,384,0,0,2,-9,"UK2","UK384","UK"
"314",385,385,0,0,2,-9,"UK2","UK385","UK"
"315",386,386,0,0,2,-9,"UK2","UK386","UK"
"316",387,387,0,0,2,-9,"UK2","UK387","UK"
"317",388,388,0,0,2,-9,"UK2","UK388","UK"
"318",389,389,0,0,2,-9,"UK2","UK389","UK"
"319",39,39,0,0,2,-9,"UK1","UK39","UK"
"320",390,390,0,0,2,-9,"UK2","UK390","UK"
"321",391,391,0,0,2,-9,"UK2","UK391","UK"
"322",392,392,0,0,2,-9,"UK2","UK392","UK"
"323",393,393,0,0,2,-9,"UK2","UK393","UK"
"324",394,394,0,0,2,-9,"UK2","UK394","UK"
"325",395,395,0,0,2,-9,"UK2","UK395","UK"
"326",396,396,0,0,2,-9,"UK2","UK396","UK"
"327",397,397,0,0,2,-9,"UK2","UK397","UK"
"328",40,40,0,0,2,-9,"UK1","UK40","UK"
"329",400,400,0,0,2,-9,"IT1","IT400","IT"
"330",402,402,0,0,2,-9,"IT1","IT402","IT"
"331",403,403,0,0,2,-9,"IT1","IT403","IT"
"332",404,404,0,0,2,-9,"IT1","IT404","IT"
"333",405,405,0,0,2,-9,"IT1","IT405","IT"
"334",406,406,0,0,2,-9,"IT1","IT406","IT"
"335",407,407,0,0,2,-9,"IT1","IT407","IT"
"336",408,408,0,0,2,-9,"IT1","IT408","IT"
"337",409,409,0,0,2,-9,"IT1","IT409","IT"
"338",410,410,0,0,2,-9,"IT1","IT410","IT"
"339",411,411,0,0,2,-9,"IT1","IT411","IT"
"340",412,412,0,0,2,-9,"IT1","IT412","IT"
"341",413,413,0,0,2,-9,"IT1","IT413","IT"
"342",414,414,0,0,2,-9,"IT1","IT414","IT"
"343",415,415,0,0,2,-9,"IT1","IT415","IT"
"344",416,416,0,0,2,-9,"IT1","IT416","IT"
"345",417,417,0,0,2,-9,"IT1","IT417","IT"
"346",418,418,0,0,2,-9,"IT1","IT418","IT"
"347",419,419,0,0,2,-9,"IT1","IT419","IT"
"348",42,42,0,0,2,-9,"UK1","UK42","UK"
"349",420,420,0,0,2,-9,"IT1","IT420","IT"
"350",421,421,0,0,2,-9,"IT1","IT421","IT"
"351",422,422,0,0,2,-9,"IT1","IT422","IT"
"352",423,423,0,0,2,-9,"IT1","IT423","IT"
"353",424,424,0,0,2,-9,"IT1","IT424","IT"
"354",425,425,0,0,2,-9,"IT1","IT425","IT"
"355",426,426,0,0,2,-9,"IT1","IT426","IT"
"356",428,428,0,0,2,-9,"IT1","IT428","IT"
"357",429,429,0,0,2,-9,"IT1","IT429","IT"
"358",43,43,0,0,2,-9,"UK1","UK43","UK"
"359",430,430,0,0,2,-9,"IT1","IT430","IT"
"360",431,431,0,0,2,-9,"IT1","IT431","IT"
"361",432,432,0,0,2,-9,"IT1","IT432","IT"
"362",433,433,0,0,2,-9,"IT1","IT433","IT"
"363",434,434,0,0,2,-9,"IT1","IT434","IT"
"364",435,435,0,0,2,-9,"IT1","IT435","IT"
"365",436,436,0,0,2,-9,"IT1","IT436","IT"
"366",438,438,0,0,2,-9,"IT1","IT438","IT"
"367",439,439,0,0,2,-9,"IT1","IT439","IT"
"368",44,44,0,0,2,-9,"UK1","UK44","UK"
"369",440,440,0,0,2,-9,"IT1","IT440","IT"
"370",45,45,0,0,2,-9,"UK1","UK45","UK"
"371",451,451,0,0,2,-9,"IT1","IT451","IT"
"372",452,452,0,0,2,-9,"IT1","IT452","IT"
"373",453,453,0,0,2,-9,"IT1","IT453","IT"
"374",454,454,0,0,2,-9,"IT1","IT454","IT"
"375",455,455,0,0,2,-9,"IT1","IT455","IT"
"376",456,456,0,0,2,-9,"IT1","IT456","IT"
"377",457,457,0,0,2,-9,"IT1","IT457","IT"
"378",458,458,0,0,2,-9,"IT1","IT458","IT"
"379",459,459,0,0,2,-9,"IT1","IT459","IT"
"380",460,460,0,0,2,-9,"IT1","IT460","IT"
"381",461,461,0,0,2,-9,"IT1","IT461","IT"
"382",462,462,0,0,2,-9,"IT1","IT462","IT"
"383",463,463,0,0,2,-9,"IT1","IT463","IT"
"384",465,465,0,0,2,-9,"IT1","IT465","IT"
"385",466,466,0,0,2,-9,"IT1","IT466","IT"
"386",467,467,0,0,2,-9,"IT1","IT467","IT"
"387",468,468,0,0,2,-9,"IT1","IT468","IT"
"388",469,469,0,0,2,-9,"IT1","IT469","IT"
"389",47,47,0,0,2,-9,"UK1","UK47","UK"
"390",470,470,0,0,2,-9,"IT1","IT470","IT"
"391",471,471,0,0,2,-9,"IT1","IT471","IT"
"392",472,472,0,0,2,-9,"IT1","IT472","IT"
"393",476,476,0,0,2,-9,"IT3","IT476","IT"
"394",478,478,0,0,2,-9,"IT3","IT478","IT"
"395",479,479,0,0,2,-9,"IT3","IT479","IT"
"396",480,480,0,0,2,-9,"IT3","IT480","IT"
"397",484,484,0,0,2,-9,"IT3","IT484","IT"
"398",485,485,0,0,2,-9,"IT3","IT485","IT"
"399",486,486,0,0,2,-9,"IT3","IT486","IT"
"400",487,487,0,0,2,-9,"IT3","IT487","IT"
"401",488,488,0,0,2,-9,"IT3","IT488","IT"
"402",490,490,0,0,2,-9,"IT2","IT490","IT"
"403",491,491,0,0,2,-9,"IT2","IT491","IT"
"404",492,492,0,0,2,-9,"IT2","IT492","IT"
"405",493,493,0,0,2,-9,"IT2","IT493","IT"
"406",494,494,0,0,2,-9,"IT2","IT494","IT"
"407",496,496,0,0,2,-9,"IT2","IT496","IT"
"408",497,497,0,0,2,-9,"IT2","IT497","IT"
"409",498,498,0,0,2,-9,"IT3","IT498","IT"
"410",499,499,0,0,2,-9,"IT3","IT499","IT"
"411",5,5,0,0,2,-9,"UK1","UK5","UK"
"412",50,50,0,0,2,-9,"UK1","UK50","UK"
"413",500,500,0,0,2,-9,"IT3","IT500","IT"
"414",501,501,0,0,2,-9,"IT3","IT501","IT"
"415",502,502,0,0,2,-9,"IT3","IT502","IT"
"416",503,503,0,0,2,-9,"IT3","IT503","IT"
"417",504,504,0,0,2,-9,"IT3","IT504","IT"
"418",505,505,0,0,2,-9,"IT3","IT505","IT"
"419",506,506,0,0,2,-9,"IT3","IT506","IT"
"420",507,507,0,0,2,-9,"IT3","IT507","IT"
"421",508,508,0,0,2,-9,"IT3","IT508","IT"
"422",509,509,0,0,2,-9,"IT3","IT509","IT"
"423",51,51,0,0,2,-9,"UK1","UK51","UK"
"424",510,510,0,0,2,-9,"IT3","IT510","IT"
"425",511,511,0,0,2,-9,"IT3","IT511","IT"
"426",512,512,0,0,2,-9,"IT3","IT512","IT"
"427",513,513,0,0,2,-9,"IT3","IT513","IT"
"428",514,514,0,0,2,-9,"IT3","IT514","IT"
"429",515,515,0,0,2,-9,"IT3","IT515","IT"
"430",516,516,0,0,2,-9,"IT3","IT516","IT"
"431",518,518,0,0,2,-9,"IT3","IT518","IT"
"432",519,519,0,0,2,-9,"IT3","IT519","IT"
"433",52,52,0,0,2,-9,"UK1","UK52","UK"
"434",520,520,0,0,2,-9,"IT3","IT520","IT"
"435",521,521,0,0,2,-9,"IT3","IT521","IT"
"436",522,522,0,0,2,-9,"IT3","IT522","IT"
"437",523,523,0,0,2,-9,"IT3","IT523","IT"
"438",524,524,0,0,2,-9,"IT3","IT524","IT"
"439",525,525,0,0,2,-9,"IT3","IT525","IT"
"440",526,526,0,0,2,-9,"IT3","IT526","IT"
"441",527,527,0,0,2,-9,"IT3","IT527","IT"
"442",528,528,0,0,2,-9,"IT3","IT528","IT"
"443",529,529,0,0,2,-9,"IT1","IT529","IT"
"444",53,53,0,0,2,-9,"UK1","UK53","UK"
"445",530,530,0,0,2,-9,"IT1","IT530","IT"
"446",531,531,0,0,2,-9,"IT1","IT531","IT"
"447",532,532,0,0,2,-9,"IT1","IT532","IT"
"448",533,533,0,0,2,-9,"IT1","IT533","IT"
"449",534,534,0,0,2,-9,"IT1","IT534","IT"
"450",535,535,0,0,2,-9,"IT1","IT535","IT"
"451",536,536,0,0,2,-9,"IT1","IT536","IT"
"452",537,537,0,0,2,-9,"IT1","IT537","IT"
"453",538,538,0,0,2,-9,"IT1","IT538","IT"
"454",539,539,0,0,2,-9,"IT1","IT539","IT"
"455",54,54,0,0,2,-9,"UK1","UK54","UK"
"456",540,540,0,0,2,-9,"IT1","IT540","IT"
"457",542,542,0,0,2,-9,"IT1","IT542","IT"
"458",543,543,0,0,2,-9,"IT1","IT543","IT"
"459",544,544,0,0,2,-9,"IT1","IT544","IT"
"460",545,545,0,0,2,-9,"IT1","IT545","IT"
"461",546,546,0,0,2,-9,"IT1","IT546","IT"
"462",547,547,0,0,2,-9,"IT1","IT547","IT"
"463",548,548,0,0,2,-9,"IT1","IT548","IT"
"464",549,549,0,0,2,-9,"IT1","IT549","IT"
"465",55,55,0,0,2,-9,"UK1","UK55","UK"
"466",550,550,0,0,2,-9,"IT1","IT550","IT"
"467",551,551,0,0,2,-9,"IT1","IT551","IT"
"468",553,553,0,0,2,-9,"IT1","IT553","IT"
"469",555,555,0,0,2,-9,"IT1","IT555","IT"
"470",556,556,0,0,2,-9,"IT1","IT556","IT"
"471",557,557,0,0,2,-9,"IT1","IT557","IT"
"472",558,558,0,0,2,-9,"IT1","IT558","IT"
"473",559,559,0,0,2,-9,"IT1","IT559","IT"
"474",560,560,0,0,2,-9,"IT1","IT560","IT"
"475",561,561,0,0,2,-9,"IT1","IT561","IT"
"476",562,562,0,0,2,-9,"IT1","IT562","IT"
"477",563,563,0,0,2,-9,"IT1","IT563","IT"
"478",564,564,0,0,2,-9,"IT1","IT564","IT"
"479",565,565,0,0,2,-9,"IT1","IT565","IT"
"480",567,567,0,0,2,-9,"IT1","IT567","IT"
"481",568,568,0,0,2,-9,"IT1","IT568","IT"
"482",569,569,0,0,2,-9,"IT1","IT569","IT"
"483",57,57,0,0,2,-9,"UK1","UK57","UK"
"484",570,570,0,0,2,-9,"IT1","IT570","IT"
"485",571,571,0,0,2,-9,"IT1","IT571","IT"
"486",572,572,0,0,2,-9,"IT1","IT572","IT"
"487",573,573,0,0,2,-9,"IT1","IT573","IT"
"488",574,574,0,0,2,-9,"IT1","IT574","IT"
"489",575,575,0,0,2,-9,"IT1","IT575","IT"
"490",576,576,0,0,2,-9,"IT1","IT576","IT"
"491",577,577,0,0,2,-9,"IT1","IT577","IT"
"492",578,578,0,0,2,-9,"IT1","IT578","IT"
"493",579,579,0,0,2,-9,"IT1","IT579","IT"
"494",58,58,0,0,2,-9,"UK1","UK58","UK"
"495",580,580,0,0,2,-9,"IT1","IT580","IT"
"496",581,581,0,0,2,-9,"IT1","IT581","IT"
"497",582,582,0,0,2,-9,"IT1","IT582","IT"
"498",583,583,0,0,2,-9,"IT1","IT583","IT"
"499",584,584,0,0,2,-9,"IT1","IT584","IT"
"500",585,585,0,0,2,-9,"IT1","IT585","IT"
"501",586,586,0,0,2,-9,"IT1","IT586","IT"
"502",587,587,0,0,2,-9,"IT1","IT587","IT"
"503",588,588,0,0,2,-9,"IT1","IT588","IT"
"504",589,589,0,0,2,-9,"IT1","IT589","IT"
"505",59,59,0,0,2,-9,"UK1","UK59","UK"
"506",590,590,0,0,2,-9,"IT1","IT590","IT"
"507",591,591,0,0,2,-9,"IT1","IT591","IT"
"508",592,592,0,0,2,-9,"IT1","IT592","IT"
"509",593,593,0,0,2,-9,"IT1","IT593","IT"
"510",599,599,0,0,2,-9,"IT2","IT599","IT"
"511",6,6,0,0,2,-9,"UK1","UK6","UK"
"512",600,600,0,0,2,-9,"IT2","IT600","IT"
"513",601,601,0,0,2,-9,"IT2","IT601","IT"
"514",602,602,0,0,2,-9,"IT2","IT602","IT"
"515",603,603,0,0,2,-9,"IT2","IT603","IT"
"516",604,604,0,0,2,-9,"IT2","IT604","IT"
"517",605,605,0,0,2,-9,"IT2","IT605","IT"
"518",606,606,0,0,2,-9,"IT2","IT606","IT"
"519",607,607,0,0,2,-9,"IT2","IT607","IT"
"520",608,608,0,0,2,-9,"IT2","IT608","IT"
"521",609,609,0,0,2,-9,"IT2","IT609","IT"
"522",61,61,0,0,2,-9,"UK1","UK61","UK"
"523",610,610,0,0,2,-9,"IT2","IT610","IT"
"524",611,611,0,0,2,-9,"IT2","IT611","IT"
"525",612,612,0,0,2,-9,"IT2","IT612","IT"
"526",613,613,0,0,2,-9,"IT2","IT613","IT"
"527",614,614,0,0,2,-9,"IT2","IT614","IT"
"528",615,615,0,0,2,-9,"IT2","IT615","IT"
"529",616,616,0,0,2,-9,"IT2","IT616","IT"
"530",617,617,0,0,2,-9,"IT2","IT617","IT"
"531",618,618,0,0,2,-9,"IT2","IT618","IT"
"532",619,619,0,0,2,-9,"IT2","IT619","IT"
"533",62,62,0,0,2,-9,"UK1","UK62","UK"
"534",620,620,0,0,2,-9,"IT2","IT620","IT"
"535",621,621,0,0,2,-9,"IT2","IT621","IT"
"536",622,622,0,0,2,-9,"IT2","IT622","IT"
"537",623,623,0,0,2,-9,"IT2","IT623","IT"
"538",624,624,0,0,2,-9,"IT2","IT624","IT"
"539",625,625,0,0,2,-9,"IT2","IT625","IT"
"540",626,626,0,0,2,-9,"IT2","IT626","IT"
"541",627,627,0,0,2,-9,"IT2","IT627","IT"
"542",628,628,0,0,2,-9,"IT2","IT628","IT"
"543",629,629,0,0,2,-9,"IT2","IT629","IT"
"544",63,63,0,0,2,-9,"UK1","UK63","UK"
"545",630,630,0,0,2,-9,"IT2","IT630","IT"
"546",631,631,0,0,2,-9,"IT2","IT631","IT"
"547",632,632,0,0,2,-9,"IT2","IT632","IT"
"548",633,633,0,0,2,-9,"IT2","IT633","IT"
"549",634,634,0,0,2,-9,"IT2","IT634","IT"
"550",635,635,0,0,2,-9,"IT2","IT635","IT"
"551",636,636,0,0,2,-9,"IT2","IT636","IT"
"552",637,637,0,0,2,-9,"IT2","IT637","IT"
"553",638,638,0,0,2,-9,"IT2","IT638","IT"
"554",639,639,0,0,2,-9,"IT2","IT639","IT"
"555",64,64,0,0,2,-9,"UK1","UK64","UK"
"556",640,640,0,0,2,-9,"IT2","IT640","IT"
"557",641,641,0,0,2,-9,"IT2","IT641","IT"
"558",642,642,0,0,2,-9,"IT2","IT642","IT"
"559",644,644,0,0,2,-9,"IT2","IT644","IT"
"560",645,645,0,0,2,-9,"IT2","IT645","IT"
"561",646,646,0,0,2,-9,"IT1","IT646","IT"
"562",647,647,0,0,2,-9,"IT1","IT647","IT"
"563",648,648,0,0,2,-9,"IT1","IT648","IT"
"564",649,649,0,0,2,-9,"IT1","IT649","IT"
"565",65,65,0,0,2,-9,"UK1","UK65","UK"
"566",650,650,0,0,2,-9,"IT1","IT650","IT"
"567",652,652,0,0,2,-9,"IT1","IT652","IT"
"568",653,653,0,0,2,-9,"IT1","IT653","IT"
"569",654,654,0,0,2,-9,"IT1","IT654","IT"
"570",655,655,0,0,2,-9,"IT1","IT655","IT"
"571",656,656,0,0,2,-9,"IT1","IT656","IT"
"572",657,657,0,0,2,-9,"IT1","IT657","IT"
"573",658,658,0,0,2,-9,"IT1","IT658","IT"
"574",659,659,0,0,2,-9,"IT1","IT659","IT"
"575",66,66,0,0,2,-9,"UK1","UK66","UK"
"576",660,660,0,0,2,-9,"IT1","IT660","IT"
"577",661,661,0,0,2,-9,"IT1","IT661","IT"
"578",662,662,0,0,2,-9,"IT1","IT662","IT"
"579",663,663,0,0,2,-9,"IT1","IT663","IT"
"580",664,664,0,0,2,-9,"IT1","IT664","IT"
"581",665,665,0,0,2,-9,"IT1","IT665","IT"
"582",666,666,0,0,2,-9,"IT1","IT666","IT"
"583",667,667,0,0,2,-9,"IT1","IT667","IT"
"584",668,668,0,0,2,-9,"IT1","IT668","IT"
"585",669,669,0,0,2,-9,"IT1","IT669","IT"
"586",67,67,0,0,2,-9,"UK1","UK67","UK"
"587",670,670,0,0,2,-9,"IT1","IT670","IT"
"588",671,671,0,0,2,-9,"IT1","IT671","IT"
"589",672,672,0,0,2,-9,"IT1","IT672","IT"
"590",673,673,0,0,2,-9,"IT1","IT673","IT"
"591",674,674,0,0,2,-9,"IT1","IT674","IT"
"592",675,675,0,0,2,-9,"IT1","IT675","IT"
"593",676,676,0,0,2,-9,"IT1","IT676","IT"
"594",677,677,0,0,2,-9,"IT1","IT677","IT"
"595",678,678,0,0,2,-9,"IT1","IT678","IT"
"596",679,679,0,0,2,-9,"IT1","IT679","IT"
"597",680,680,0,0,2,-9,"IT1","IT680","IT"
"598",681,681,0,0,2,-9,"IT1","IT681","IT"
"599",682,682,0,0,2,-9,"IT1","IT682","IT"
"600",683,683,0,0,2,-9,"IT1","IT683","IT"
"601",684,684,0,0,2,-9,"IT1","IT684","IT"
"602",685,685,0,0,2,-9,"IT1","IT685","IT"
"603",686,686,0,0,2,-9,"IT1","IT686","IT"
"604",687,687,0,0,2,-9,"IT1","IT687","IT"
"605",688,688,0,0,2,-9,"IT1","IT688","IT"
"606",69,69,0,0,2,-9,"UK1","UK69","UK"
"607",690,690,0,0,2,-9,"IT2","IT690","IT"
"608",691,691,0,0,2,-9,"IT2","IT691","IT"
"609",692,692,0,0,2,-9,"IT2","IT692","IT"
"610",693,693,0,0,2,-9,"IT2","IT693","IT"
"611",694,694,0,0,2,-9,"IT2","IT694","IT"
"612",695,695,0,0,2,-9,"IT2","IT695","IT"
"613",696,696,0,0,2,-9,"IT2","IT696","IT"
"614",698,698,0,0,2,-9,"IT2","IT698","IT"
"615",699,699,0,0,2,-9,"IT2","IT699","IT"
"616",7,7,0,0,2,-9,"UK1","UK7","UK"
"617",70,70,0,0,2,-9,"UK1","UK70","UK"
"618",700,700,0,0,2,-9,"IT2","IT700","IT"
"619",701,701,0,0,2,-9,"IT2","IT701","IT"
"620",702,702,0,0,2,-9,"IT2","IT702","IT"
"621",703,703,0,0,2,-9,"IT2","IT703","IT"
"622",704,704,0,0,2,-9,"IT2","IT704","IT"
"623",705,705,0,0,2,-9,"IT2","IT705","IT"
"624",706,706,0,0,2,-9,"IT2","IT706","IT"
"625",707,707,0,0,2,-9,"IT2","IT707","IT"
"626",708,708,0,0,2,-9,"IT2","IT708","IT"
"627",709,709,0,0,2,-9,"IT2","IT709","IT"
"628",71,71,0,0,2,-9,"UK1","UK71","UK"
"629",710,710,0,0,2,-9,"IT2","IT710","IT"
"630",711,711,0,0,2,-9,"IT2","IT711","IT"
"631",712,712,0,0,2,-9,"IT2","IT712","IT"
"632",713,713,0,0,2,-9,"IT2","IT713","IT"
"633",714,714,0,0,2,-9,"IT2","IT714","IT"
"634",715,715,0,0,2,-9,"IT2","IT715","IT"
"635",716,716,0,0,2,-9,"IT2","IT716","IT"
"636",717,717,0,0,2,-9,"IT2","IT717","IT"
"637",718,718,0,0,2,-9,"IT2","IT718","IT"
"638",719,719,0,0,2,-9,"IT2","IT719","IT"
"639",72,72,0,0,2,-9,"UK1","UK72","UK"
"640",720,720,0,0,2,-9,"IT2","IT720","IT"
"641",721,721,0,0,2,-9,"IT2","IT721","IT"
"642",722,722,0,0,2,-9,"IT2","IT722","IT"
"643",723,723,0,0,2,-9,"IT2","IT723","IT"
"644",724,724,0,0,2,-9,"IT2","IT724","IT"
"645",725,725,0,0,2,-9,"IT2","IT725","IT"
"646",726,726,0,0,2,-9,"IT2","IT726","IT"
"647",727,727,0,0,2,-9,"IT2","IT727","IT"
"648",728,728,0,0,2,-9,"IT2","IT728","IT"
"649",729,729,0,0,2,-9,"IT2","IT729","IT"
"650",73,73,0,0,2,-9,"UK1","UK73","UK"
"651",730,730,0,0,2,-9,"IT2","IT730","IT"
"652",731,731,0,0,2,-9,"IT2","IT731","IT"
"653",732,732,0,0,2,-9,"IT2","IT732","IT"
"654",733,733,0,0,2,-9,"IT2","IT733","IT"
"655",734,734,0,0,2,-9,"IT2","IT734","IT"
"656",735,735,0,0,2,-9,"IT2","IT735","IT"
"657",736,736,0,0,2,-9,"IT2","IT736","IT"
"658",738,738,0,0,2,-9,"IT2","IT738","IT"
"659",74,74,0,0,2,-9,"UK1","UK74","UK"
"660",740,740,0,0,2,-9,"IT2","IT740","IT"
"661",741,741,0,0,2,-9,"IT2","IT741","IT"
"662",742,742,0,0,2,-9,"IT2","IT742","IT"
"663",743,743,0,0,2,-9,"IT2","IT743","IT"
"664",744,744,0,0,2,-9,"IT2","IT744","IT"
"665",745,745,0,0,2,-9,"IT2","IT745","IT"
"666",746,746,0,0,2,-9,"IT2","IT746","IT"
"667",747,747,0,0,2,-9,"IT2","IT747","IT"
"668",748,748,0,0,2,-9,"IT2","IT748","IT"
"669",749,749,0,0,2,-9,"IT2","IT749","IT"
"670",75,75,0,0,2,-9,"UK1","UK75","UK"
"671",750,750,0,0,2,-9,"IT2","IT750","IT"
"672",751,751,0,0,2,-9,"IT2","IT751","IT"
"673",752,752,0,0,2,-9,"IT2","IT752","IT"
"674",753,753,0,0,2,-9,"IT2","IT753","IT"
"675",754,754,0,0,2,-9,"IT2","IT754","IT"
"676",755,755,0,0,2,-9,"IT2","IT755","IT"
"677",756,756,0,0,2,-9,"IT2","IT756","IT"
"678",757,757,0,0,2,-9,"IT2","IT757","IT"
"679",758,758,0,0,2,-9,"IT2","IT758","IT"
"680",759,759,0,0,2,-9,"IT2","IT759","IT"
"681",76,76,0,0,2,-9,"UK1","UK76","UK"
"682",760,760,0,0,2,-9,"IT2","IT760","IT"
"683",761,761,0,0,2,-9,"IT2","IT761","IT"
"684",762,762,0,0,2,-9,"IT2","IT762","IT"
"685",763,763,0,0,2,-9,"IT2","IT763","IT"
"686",764,764,0,0,2,-9,"IT2","IT764","IT"
"687",765,765,0,0,2,-9,"IT2","IT765","IT"
"688",766,766,0,0,2,-9,"IT2","IT766","IT"
"689",767,767,0,0,2,-9,"IT2","IT767","IT"
"690",768,768,0,0,2,-9,"IT2","IT768","IT"
"691",769,769,0,0,2,-9,"IT2","IT769","IT"
"692",77,77,0,0,2,-9,"UK1","UK77","UK"
"693",770,770,0,0,2,-9,"IT2","IT770","IT"
"694",771,771,0,0,2,-9,"IT2","IT771","IT"
"695",772,772,0,0,2,-9,"IT2","IT772","IT"
"696",773,773,0,0,2,-9,"IT2","IT773","IT"
"697",774,774,0,0,2,-9,"IT2","IT774","IT"
"698",775,775,0,0,2,-9,"IT2","IT775","IT"
"699",776,776,0,0,2,-9,"IT2","IT776","IT"
"700",777,777,0,0,2,-9,"IT2","IT777","IT"
"701",778,778,0,0,2,-9,"IT2","IT778","IT"
"702",779,779,0,0,2,-9,"IT2","IT779","IT"
"703",78,78,0,0,2,-9,"UK1","UK78","UK"
"704",780,780,0,0,2,-9,"IT2","IT780","IT"
"705",781,781,0,0,2,-9,"IT2","IT781","IT"
"706",782,782,0,0,2,-9,"IT2","IT782","IT"
"707",783,783,0,0,2,-9,"IT2","IT783","IT"
"708",784,784,0,0,2,-9,"IT2","IT784","IT"
"709",785,785,0,0,2,-9,"IT2","IT785","IT"
"710",786,786,0,0,2,-9,"IT2","IT786","IT"
"711",787,787,0,0,2,-9,"IT2","IT787","IT"
"712",788,788,0,0,2,-9,"IT2","IT788","IT"
"713",789,789,0,0,2,-9,"IT2","IT789","IT"
"714",79,79,0,0,2,-9,"UK1","UK79","UK"
"715",790,790,0,0,2,-9,"IT2","IT790","IT"
"716",792,792,0,0,2,-9,"IT2","IT792","IT"
"717",793,793,0,0,2,-9,"IT2","IT793","IT"
"718",794,794,0,0,2,-9,"IT2","IT794","IT"
"719",796,796,0,0,2,-9,"IT2","IT796","IT"
"720",797,797,0,0,2,-9,"IT2","IT797","IT"
"721",798,798,0,0,2,-9,"IT2","IT798","IT"
"722",799,799,0,0,2,-9,"IT2","IT799","IT"
"723",8,8,0,0,2,-9,"UK1","UK8","UK"
"724",80,80,0,0,2,-9,"UK1","UK80","UK"
"725",800,800,0,0,2,-9,"SE1","SE800","SE"
"726",801,801,0,0,2,-9,"SE1","SE801","SE"
"727",802,802,0,0,2,-9,"SE1","SE802","SE"
"728",803,803,0,0,2,-9,"SE1","SE803","SE"
"729",804,804,0,0,2,-9,"SE1","SE804","SE"
"730",805,805,0,0,2,-9,"SE1","SE805","SE"
"731",806,806,0,0,2,-9,"SE1","SE806","SE"
"732",807,807,0,0,2,-9,"SE1","SE807","SE"
"733",808,808,0,0,2,-9,"SE1","SE808","SE"
"734",809,809,0,0,2,-9,"SE1","SE809","SE"
"735",81,81,0,0,2,-9,"UK1","UK81","UK"
"736",810,810,0,0,2,-9,"SE1","SE810","SE"
"737",811,811,0,0,2,-9,"SE1","SE811","SE"
"738",813,813,0,0,2,-9,"SE1","SE813","SE"
"739",814,814,0,0,2,-9,"SE1","SE814","SE"
"740",815,815,0,0,2,-9,"SE1","SE815","SE"
"741",816,816,0,0,2,-9,"SE1","SE816","SE"
"742",817,817,0,0,2,-9,"SE1","SE817","SE"
"743",818,818,0,0,2,-9,"SE1","SE818","SE"
"744",819,819,0,0,2,-9,"SE1","SE819","SE"
"745",82,82,0,0,2,-9,"UK1","UK82","UK"
"746",820,820,0,0,2,-9,"SE1","SE820","SE"
"747",821,821,0,0,2,-9,"SE1","SE821","SE"
"748",822,822,0,0,2,-9,"SE1","SE822","SE"
"749",823,823,0,0,2,-9,"SE1","SE823","SE"
"750",824,824,0,0,2,-9,"SE1","SE824","SE"
"751",825,825,0,0,2,-9,"SE1","SE825","SE"
"752",826,826,0,0,2,-9,"SE1","SE826","SE"
"753",827,827,0,0,2,-9,"SE1","SE827","SE"
"754",828,828,0,0,2,-9,"SE1","SE828","SE"
"755",829,829,0,0,2,-9,"SE1","SE829","SE"
"756",83,83,0,0,2,-9,"UK1","UK83","UK"
"757",830,830,0,0,2,-9,"SE1","SE830","SE"
"758",831,831,0,0,2,-9,"SE1","SE831","SE"
"759",832,832,0,0,2,-9,"SE1","SE832","SE"
"760",833,833,0,0,2,-9,"SE1","SE833","SE"
"761",834,834,0,0,2,-9,"SE1","SE834","SE"
"762",835,835,0,0,2,-9,"SE1","SE835","SE"
"763",836,836,0,0,2,-9,"SE1","SE836","SE"
"764",837,837,0,0,2,-9,"SE1","SE837","SE"
"765",838,838,0,0,2,-9,"SE1","SE838","SE"
"766",839,839,0,0,2,-9,"SE1","SE839","SE"
"767",84,84,0,0,2,-9,"UK1","UK84","UK"
"768",840,840,0,0,2,-9,"SE1","SE840","SE"
"769",841,841,0,0,2,-9,"SE1","SE841","SE"
"770",842,842,0,0,2,-9,"SE1","SE842","SE"
"771",843,843,0,0,2,-9,"SE1","SE843","SE"
"772",844,844,0,0,2,-9,"SE1","SE844","SE"
"773",845,845,0,0,2,-9,"SE1","SE845","SE"
"774",846,846,0,0,2,-9,"SE1","SE846","SE"
"775",847,847,0,0,2,-9,"SE1","SE847","SE"
"776",848,848,0,0,2,-9,"SE1","SE848","SE"
"777",849,849,0,0,2,-9,"SE1","SE849","SE"
"778",85,85,0,0,2,-9,"UK1","UK85","UK"
"779",850,850,0,0,2,-9,"SE1","SE850","SE"
"780",851,851,0,0,2,-9,"SE1","SE851","SE"
"781",852,852,0,0,2,-9,"SE1","SE852","SE"
"782",853,853,0,0,2,-9,"SE1","SE853","SE"
"783",854,854,0,0,2,-9,"SE1","SE854","SE"
"784",855,855,0,0,2,-9,"SE1","SE855","SE"
"785",856,856,0,0,2,-9,"SE1","SE856","SE"
"786",857,857,0,0,2,-9,"SE1","SE857","SE"
"787",858,858,0,0,2,-9,"SE1","SE858","SE"
"788",859,859,0,0,2,-9,"SE1","SE859","SE"
"789",86,86,0,0,2,-9,"UK1","UK86","UK"
"790",860,860,0,0,2,-9,"SE1","SE860","SE"
"791",861,861,0,0,2,-9,"SE1","SE861","SE"
"792",862,862,0,0,2,-9,"SE1","SE862","SE"
"793",863,863,0,0,2,-9,"SE1","SE863","SE"
"794",864,864,0,0,2,-9,"SE1","SE864","SE"
"795",865,865,0,0,2,-9,"SE1","SE865","SE"
"796",866,866,0,0,2,-9,"SE1","SE866","SE"
"797",867,867,0,0,2,-9,"SE1","SE867","SE"
"798",868,868,0,0,2,-9,"SE1","SE868","SE"
"799",869,869,0,0,2,-9,"SE1","SE869","SE"
"800",87,87,0,0,2,-9,"UK1","UK87","UK"
"801",870,870,0,0,2,-9,"SE1","SE870","SE"
"802",871,871,0,0,2,-9,"SE1","SE871","SE"
"803",872,872,0,0,2,-9,"SE1","SE872","SE"
"804",873,873,0,0,2,-9,"SE1","SE873","SE"
"805",874,874,0,0,2,-9,"SE1","SE874","SE"
"806",875,875,0,0,2,-9,"SE1","SE875","SE"
"807",876,876,0,0,2,-9,"SE1","SE876","SE"
"808",877,877,0,0,2,-9,"SE1","SE877","SE"
"809",878,878,0,0,2,-9,"SE1","SE878","SE"
"810",879,879,0,0,2,-9,"SE1","SE879","SE"
"811",88,88,0,0,2,-9,"UK1","UK88","UK"
"812",880,880,0,0,2,-9,"SE1","SE880","SE"
"813",881,881,0,0,2,-9,"SE1","SE881","SE"
"814",882,882,0,0,2,-9,"SE1","SE882","SE"
"815",883,883,0,0,2,-9,"SE1","SE883","SE"
"816",884,884,0,0,2,-9,"SE1","SE884","SE"
"817",885,885,0,0,2,-9,"SE1","SE885","SE"
"818",886,886,0,0,2,-9,"SE1","SE886","SE"
"819",887,887,0,0,2,-9,"SE1","SE887","SE"
"820",888,888,0,0,2,-9,"SE1","SE888","SE"
"821",889,889,0,0,2,-9,"SE1","SE889","SE"
"822",89,89,0,0,2,-9,"UK1","UK89","UK"
"823",890,890,0,0,2,-9,"SE1","SE890","SE"
"824",892,892,0,0,2,-9,"SE1","SE892","SE"
"825",893,893,0,0,2,-9,"SE1","SE893","SE"
"826",894,894,0,0,2,-9,"SE1","SE894","SE"
"827",895,895,0,0,2,-9,"SE1","SE895","SE"
"828",896,896,0,0,2,-9,"SE1","SE896","SE"
"829",897,897,0,0,2,-9,"SE1","SE897","SE"
"830",898,898,0,0,2,-9,"SE1","SE898","SE"
"831",899,899,0,0,2,-9,"SE1","SE899","SE"
"832",9,9,0,0,2,-9,"UK1","UK9","UK"
"833",900,900,0,0,2,-9,"FI1","FI900","FI"
"834",901,901,0,0,2,-9,"FI1","FI901","FI"
"835",902,902,0,0,2,-9,"FI1","FI902","FI"
"836",903,903,0,0,2,-9,"FI1","FI903","FI"
"837",904,904,0,0,2,-9,"FI1","FI904","FI"
"838",905,905,0,0,2,-9,"FI1","FI905","FI"
"839",906,906,0,0,2,-9,"FI1","FI906","FI"
"840",907,907,0,0,2,-9,"FI1","FI907","FI"
"841",908,908,0,0,2,-9,"FI1","FI908","FI"
"842",909,909,0,0,2,-9,"FI1","FI909","FI"
"843",91,91,0,0,2,-9,"UK1","UK91","UK"
"844",910,910,0,0,2,-9,"FI1","FI910","FI"
"845",911,911,0,0,2,-9,"FI1","FI911","FI"
"846",912,912,0,0,2,-9,"FI1","FI912","FI"
"847",913,913,0,0,2,-9,"FI1","FI913","FI"
"848",914,914,0,0,2,-9,"FI1","FI914","FI"
"849",915,915,0,0,2,-9,"FI1","FI915","FI"
"850",916,916,0,0,2,-9,"FI1","FI916","FI"
"851",917,917,0,0,2,-9,"FI1","FI917","FI"
"852",918,918,0,0,2,-9,"FI1","FI918","FI"
"853",919,919,0,0,2,-9,"FI1","FI919","FI"
"854",92,92,0,0,2,-9,"UK1","UK92","UK"
"855",920,920,0,0,2,-9,"FI1","FI920","FI"
"856",921,921,0,0,2,-9,"FI1","FI921","FI"
"857",922,922,0,0,2,-9,"FI1","FI922","FI"
"858",923,923,0,0,2,-9,"FI1","FI923","FI"
"859",924,924,0,0,2,-9,"FI1","FI924","FI"
"860",925,925,0,0,2,-9,"FI1","FI925","FI"
"861",926,926,0,0,2,-9,"FI1","FI926","FI"
"862",927,927,0,0,2,-9,"FI1","FI927","FI"
"863",928,928,0,0,2,-9,"FI1","FI928","FI"
"864",929,929,0,0,2,-9,"FI1","FI929","FI"
"865",93,93,0,0,2,-9,"UK1","UK93","UK"
"866",930,930,0,0,2,-9,"FI1","FI930","FI"
"867",931,931,0,0,2,-9,"FI1","FI931","FI"
"868",932,932,0,0,2,-9,"FI1","FI932","FI"
"869",933,933,0,0,2,-9,"FI1","FI933","FI"
"870",934,934,0,0,2,-9,"FI1","FI934","FI"
"871",935,935,0,0,2,-9,"FI1","FI935","FI"
"872",936,936,0,0,2,-9,"FI1","FI936","FI"
"873",937,937,0,0,2,-9,"FI1","FI937","FI"
"874",938,938,0,0,2,-9,"FI1","FI938","FI"
"875",939,939,0,0,2,-9,"FI1","FI939","FI"
"876",94,94,0,0,2,-9,"UK1","UK94","UK"
"877",940,940,0,0,2,-9,"FI1","FI940","FI"
"878",941,941,0,0,2,-9,"FI1","FI941","FI"
"879",942,942,0,0,2,-9,"FI1","FI942","FI"
"880",943,943,0,0,2,-9,"FI1","FI943","FI"
"881",944,944,0,0,2,-9,"FI1","FI944","FI"
"882",945,945,0,0,2,-9,"FI1","FI945","FI"
"883",946,946,0,0,2,-9,"FI1","FI946","FI"
"884",947,947,0,0,2,-9,"FI1","FI947","FI"
"885",948,948,0,0,2,-9,"FI1","FI948","FI"
"886",949,949,0,0,2,-9,"FI1","FI949","FI"
"887",95,95,0,0,2,-9,"UK1","UK95","UK"
"888",950,950,0,0,2,-9,"FI1","FI950","FI"
"889",951,951,0,0,2,-9,"FI1","FI951","FI"
"890",952,952,0,0,2,-9,"FI1","FI952","FI"
"891",953,953,0,0,2,-9,"FI1","FI953","FI"
"892",954,954,0,0,2,-9,"FI1","FI954","FI"
"893",955,955,0,0,2,-9,"FI1","FI955","FI"
"894",956,956,0,0,2,-9,"FI1","FI956","FI"
"895",957,957,0,0,2,-9,"FI1","FI957","FI"
"896",958,958,0,0,2,-9,"FI1","FI958","FI"
"897",959,959,0,0,2,-9,"FI1","FI959","FI"
"898",96,96,0,0,2,-9,"UK1","UK96","UK"
"899",960,960,0,0,2,-9,"FI1","FI960","FI"
"900",961,961,0,0,2,-9,"FI1","FI961","FI"
"901",962,962,0,0,2,-9,"FI1","FI962","FI"
"902",963,963,0,0,2,-9,"FI1","FI963","FI"
"903",964,964,0,0,2,-9,"FI1","FI964","FI"
"904",965,965,0,0,2,-9,"FI1","FI965","FI"
"905",966,966,0,0,2,-9,"FI1","FI966","FI"
"906",967,967,0,0,2,-9,"FI1","FI967","FI"
"907",968,968,0,0,2,-9,"FI1","FI968","FI"
"908",969,969,0,0,2,-9,"FI1","FI969","FI"
"909",97,97,0,0,2,-9,"UK1","UK97","UK"
"910",970,970,0,0,2,-9,"FI1","FI970","FI"
"911",971,971,0,0,2,-9,"FI1","FI971","FI"
"912",972,972,0,0,2,-9,"FI1","FI972","FI"
"913",973,973,0,0,2,-9,"FI1","FI973","FI"
"914",974,974,0,0,2,-9,"FI1","FI974","FI"
"915",975,975,0,0,2,-9,"FI1","FI975","FI"
"916",976,976,0,0,2,-9,"FI1","FI976","FI"
"917",977,977,0,0,2,-9,"FI1","FI977","FI"
"918",978,978,0,0,2,-9,"FI1","FI978","FI"
"919",979,979,0,0,2,-9,"FI1","FI979","FI"
"920",980,980,0,0,2,-9,"FI1","FI980","FI"
"921",981,981,0,0,2,-9,"FI1","FI981","FI"
"922",982,982,0,0,2,-9,"FI1","FI982","FI"
"923",983,983,0,0,2,-9,"FI1","FI983","FI"
"924",984,984,0,0,2,-9,"FI1","FI984","FI"
"925",985,985,0,0,2,-9,"FI1","FI985","FI"
"926",986,986,0,0,2,-9,"FI1","FI986","FI"
"927",987,987,0,0,2,-9,"FI1","FI987","FI"
"928",988,988,0,0,2,-9,"FI1","FI988","FI"
"929",989,989,0,0,2,-9,"FI1","FI989","FI"
"930",990,990,0,0,2,-9,"FI1","FI990","FI"
"931",991,991,0,0,2,-9,"FI1","FI991","FI"
"932",992,992,0,0,2,-9,"FI1","FI992","FI"
"933",993,993,0,0,2,-9,"FI1","FI993","FI"
"934",994,994,0,0,2,-9,"FI1","FI994","FI"
"935",995,995,0,0,2,-9,"FI1","FI995","FI"
"936",996,996,0,0,2,-9,"FI1","FI996","FI"
"937",997,997,0,0,2,-9,"FI1","FI997","FI"
"938",998,998,0,0,2,-9,"FI1","FI998","FI"
"939",999,999,0,0,2,-9,"FI1","FI999","FI"
