2,8324857,./Infomap infomap_multilayer.txt . --tree -2 -N 100 -f undirected,9.541929999999999,1
2,8324857,./Infomap infomap_multilayer.txt .  --tree -N 100 -f undirected,9.541929999999999,1
54,8324909,./Infomap infomap_multilayer.txt . --tree -2 -N 100 -f undirected,9.531359999999998,1
54,8324909,./Infomap infomap_multilayer.txt .  --tree -N 100 -f undirected,9.531359999999998,1
52,8324907,./Infomap infomap_multilayer.txt . --tree -2 -N 100 -f undirected,9.546819999999999,1
52,8324907,./Infomap infomap_multilayer.txt .  --tree -N 100 -f undirected,9.546819999999999,NA
5,8324860,./Infomap infomap_multilayer.txt . --tree -2 -N 100 -f undirected,9.541459999999999,1
5,8324860,./Infomap infomap_multilayer.txt .  --tree -N 100 -f undirected,9.541459999999999,1
3,8324858,./Infomap infomap_multilayer.txt . --tree -2 -N 100 -f undirected,9.541899999999998,1
3,8324858,./Infomap infomap_multilayer.txt .  --tree -N 100 -f undirected,9.541899999999998,NA
16,8324871,./Infomap infomap_multilayer.txt . --tree -2 -N 100 -f undirected,9.548929999999999,1
16,8324871,./Infomap infomap_multilayer.txt .  --tree -N 100 -f undirected,9.548929999999999,1
65,8324920,./Infomap infomap_multilayer.txt . --tree -2 -N 100 -f undirected,9.544019999999998,1
65,8324920,./Infomap infomap_multilayer.txt .  --tree -N 100 -f undirected,9.544019999999998,1
71,8324926,./Infomap infomap_multilayer.txt . --tree -2 -N 100 -f undirected,9.541369999999997,1
71,8324926,./Infomap infomap_multilayer.txt .  --tree -N 100 -f undirected,9.541369999999997,1
50,8324905,./Infomap infomap_multilayer.txt . --tree -2 -N 100 -f undirected,9.53355,1
50,8324905,./Infomap infomap_multilayer.txt .  --tree -N 100 -f undirected,9.53355,1
72,8324927,./Infomap infomap_multilayer.txt . --tree -2 -N 100 -f undirected,9.53928,1
72,8324927,./Infomap infomap_multilayer.txt .  --tree -N 100 -f undirected,9.53928,1
36,8324891,./Infomap infomap_multilayer.txt . --tree -2 -N 100 -f undirected,9.541549999999999,1
36,8324891,./Infomap infomap_multilayer.txt .  --tree -N 100 -f undirected,9.541549999999999,1
14,8324869,./Infomap infomap_multilayer.txt . --tree -2 -N 100 -f undirected,9.543379999999999,1
14,8324869,./Infomap infomap_multilayer.txt .  --tree -N 100 -f undirected,9.543379999999999,1
15,8324870,./Infomap infomap_multilayer.txt . --tree -2 -N 100 -f undirected,9.53742,1
15,8324870,./Infomap infomap_multilayer.txt .  --tree -N 100 -f undirected,9.53742,1
31,8324886,./Infomap infomap_multilayer.txt . --tree -2 -N 100 -f undirected,9.54079,1
31,8324886,./Infomap infomap_multilayer.txt .  --tree -N 100 -f undirected,9.54079,1
56,8324911,./Infomap infomap_multilayer.txt . --tree -2 -N 100 -f undirected,9.531009999999998,1
56,8324911,./Infomap infomap_multilayer.txt .  --tree -N 100 -f undirected,9.531009999999998,1
51,8324906,./Infomap infomap_multilayer.txt . --tree -2 -N 100 -f undirected,9.54252,1
51,8324906,./Infomap infomap_multilayer.txt .  --tree -N 100 -f undirected,9.54252,1
10,8324865,./Infomap infomap_multilayer.txt . --tree -2 -N 100 -f undirected,9.52962,1
10,8324865,./Infomap infomap_multilayer.txt .  --tree -N 100 -f undirected,9.52962,1
35,8324890,./Infomap infomap_multilayer.txt . --tree -2 -N 100 -f undirected,9.53373,1
35,8324890,./Infomap infomap_multilayer.txt .  --tree -N 100 -f undirected,9.53373,1
69,8324924,./Infomap infomap_multilayer.txt . --tree -2 -N 100 -f undirected,9.53483,1
69,8324924,./Infomap infomap_multilayer.txt .  --tree -N 100 -f undirected,9.53483,1
68,8324923,./Infomap infomap_multilayer.txt . --tree -2 -N 100 -f undirected,9.53555,1
68,8324923,./Infomap infomap_multilayer.txt .  --tree -N 100 -f undirected,9.53555,1
13,8324868,./Infomap infomap_multilayer.txt . --tree -2 -N 100 -f undirected,9.538279999999999,1
13,8324868,./Infomap infomap_multilayer.txt .  --tree -N 100 -f undirected,9.538279999999999,1
70,8324925,./Infomap infomap_multilayer.txt . --tree -2 -N 100 -f undirected,9.53849,1
70,8324925,./Infomap infomap_multilayer.txt .  --tree -N 100 -f undirected,9.53849,1
18,8324873,./Infomap infomap_multilayer.txt . --tree -2 -N 100 -f undirected,9.542119999999999,1
18,8324873,./Infomap infomap_multilayer.txt .  --tree -N 100 -f undirected,9.542119999999999,1
67,8324922,./Infomap infomap_multilayer.txt . --tree -2 -N 100 -f undirected,9.53798,1
67,8324922,./Infomap infomap_multilayer.txt .  --tree -N 100 -f undirected,9.53798,1
25,8324880,./Infomap infomap_multilayer.txt . --tree -2 -N 100 -f undirected,9.541069999999998,1
25,8324880,./Infomap infomap_multilayer.txt .  --tree -N 100 -f undirected,9.541069999999998,1
22,8324877,./Infomap infomap_multilayer.txt . --tree -2 -N 100 -f undirected,9.543859999999999,1
22,8324877,./Infomap infomap_multilayer.txt .  --tree -N 100 -f undirected,9.543859999999999,1
11,8324866,./Infomap infomap_multilayer.txt . --tree -2 -N 100 -f undirected,9.533669999999999,1
11,8324866,./Infomap infomap_multilayer.txt .  --tree -N 100 -f undirected,9.533669999999999,1
32,8324887,./Infomap infomap_multilayer.txt . --tree -2 -N 100 -f undirected,9.540339999999999,1
32,8324887,./Infomap infomap_multilayer.txt .  --tree -N 100 -f undirected,9.540339999999999,1
75,8324930,./Infomap infomap_multilayer.txt . --tree -2 -N 100 -f undirected,9.542959999999999,1
75,8324930,./Infomap infomap_multilayer.txt .  --tree -N 100 -f undirected,9.542959999999999,1
33,8324888,./Infomap infomap_multilayer.txt . --tree -2 -N 100 -f undirected,9.540049999999999,1
33,8324888,./Infomap infomap_multilayer.txt .  --tree -N 100 -f undirected,9.540049999999999,1
17,8324872,./Infomap infomap_multilayer.txt . --tree -2 -N 100 -f undirected,9.538459999999999,1
17,8324872,./Infomap infomap_multilayer.txt .  --tree -N 100 -f undirected,9.538459999999999,1
82,8324937,./Infomap infomap_multilayer.txt . --tree -2 -N 100 -f undirected,9.54305,1
82,8324937,./Infomap infomap_multilayer.txt .  --tree -N 100 -f undirected,9.54305,1
39,8324894,./Infomap infomap_multilayer.txt . --tree -2 -N 100 -f undirected,9.542,1
39,8324894,./Infomap infomap_multilayer.txt .  --tree -N 100 -f undirected,9.542,1
6,8324861,./Infomap infomap_multilayer.txt . --tree -2 -N 100 -f undirected,9.53741,1
6,8324861,./Infomap infomap_multilayer.txt .  --tree -N 100 -f undirected,9.53741,1
73,8324928,./Infomap infomap_multilayer.txt . --tree -2 -N 100 -f undirected,9.538949999999998,1
73,8324928,./Infomap infomap_multilayer.txt .  --tree -N 100 -f undirected,9.538949999999998,1
78,8324933,./Infomap infomap_multilayer.txt . --tree -2 -N 100 -f undirected,9.53577,1
78,8324933,./Infomap infomap_multilayer.txt .  --tree -N 100 -f undirected,9.53577,NA
1,8324856,./Infomap infomap_multilayer.txt . --tree -2 -N 100 -f undirected,9.535219999999999,1
1,8324856,./Infomap infomap_multilayer.txt .  --tree -N 100 -f undirected,9.535219999999999,1
12,8324867,./Infomap infomap_multilayer.txt . --tree -2 -N 100 -f undirected,9.538569999999998,1
12,8324867,./Infomap infomap_multilayer.txt .  --tree -N 100 -f undirected,9.538569999999998,NA
9,8324864,./Infomap infomap_multilayer.txt . --tree -2 -N 100 -f undirected,9.536259999999999,1
9,8324864,./Infomap infomap_multilayer.txt .  --tree -N 100 -f undirected,9.536259999999999,1
37,8324892,./Infomap infomap_multilayer.txt . --tree -2 -N 100 -f undirected,9.539069999999999,1
37,8324892,./Infomap infomap_multilayer.txt .  --tree -N 100 -f undirected,9.539069999999999,1
21,8324876,./Infomap infomap_multilayer.txt . --tree -2 -N 100 -f undirected,9.540909999999998,1
21,8324876,./Infomap infomap_multilayer.txt .  --tree -N 100 -f undirected,9.540909999999998,1
7,8324862,./Infomap infomap_multilayer.txt . --tree -2 -N 100 -f undirected,9.538069999999998,1
7,8324862,./Infomap infomap_multilayer.txt .  --tree -N 100 -f undirected,9.538069999999998,1
45,8324900,./Infomap infomap_multilayer.txt . --tree -2 -N 100 -f undirected,9.540259999999998,1
45,8324900,./Infomap infomap_multilayer.txt .  --tree -N 100 -f undirected,9.540259999999998,1
64,8324919,./Infomap infomap_multilayer.txt . --tree -2 -N 100 -f undirected,9.540069999999998,1
64,8324919,./Infomap infomap_multilayer.txt .  --tree -N 100 -f undirected,9.540069999999998,1
59,8324914,./Infomap infomap_multilayer.txt . --tree -2 -N 100 -f undirected,9.53445,1
59,8324914,./Infomap infomap_multilayer.txt .  --tree -N 100 -f undirected,9.53445,NA
44,8324899,./Infomap infomap_multilayer.txt . --tree -2 -N 100 -f undirected,9.53945,1
44,8324899,./Infomap infomap_multilayer.txt .  --tree -N 100 -f undirected,9.53945,1
23,8324878,./Infomap infomap_multilayer.txt . --tree -2 -N 100 -f undirected,9.54247,1
23,8324878,./Infomap infomap_multilayer.txt .  --tree -N 100 -f undirected,9.54247,1
46,8324901,./Infomap infomap_multilayer.txt . --tree -2 -N 100 -f undirected,9.53587,1
46,8324901,./Infomap infomap_multilayer.txt .  --tree -N 100 -f undirected,9.53587,1
74,8324929,./Infomap infomap_multilayer.txt . --tree -2 -N 100 -f undirected,9.544809999999998,1
74,8324929,./Infomap infomap_multilayer.txt .  --tree -N 100 -f undirected,9.544809999999998,1
27,8324882,./Infomap infomap_multilayer.txt . --tree -2 -N 100 -f undirected,9.525640000000001,1
27,8324882,./Infomap infomap_multilayer.txt .  --tree -N 100 -f undirected,9.525640000000001,1
29,8324884,./Infomap infomap_multilayer.txt . --tree -2 -N 100 -f undirected,9.54341,1
29,8324884,./Infomap infomap_multilayer.txt .  --tree -N 100 -f undirected,9.54341,1
49,8324904,./Infomap infomap_multilayer.txt . --tree -2 -N 100 -f undirected,9.54643,1
49,8324904,./Infomap infomap_multilayer.txt .  --tree -N 100 -f undirected,9.54643,1
63,8324918,./Infomap infomap_multilayer.txt . --tree -2 -N 100 -f undirected,9.53551,1
63,8324918,./Infomap infomap_multilayer.txt .  --tree -N 100 -f undirected,9.53551,1
34,8324889,./Infomap infomap_multilayer.txt . --tree -2 -N 100 -f undirected,9.54144,1
34,8324889,./Infomap infomap_multilayer.txt .  --tree -N 100 -f undirected,9.54144,1
58,8324913,./Infomap infomap_multilayer.txt . --tree -2 -N 100 -f undirected,9.534319999999997,1
58,8324913,./Infomap infomap_multilayer.txt .  --tree -N 100 -f undirected,9.534319999999997,1
80,8324935,./Infomap infomap_multilayer.txt . --tree -2 -N 100 -f undirected,9.53595,1
80,8324935,./Infomap infomap_multilayer.txt .  --tree -N 100 -f undirected,9.53595,1
28,8324883,./Infomap infomap_multilayer.txt . --tree -2 -N 100 -f undirected,9.533309999999998,1
28,8324883,./Infomap infomap_multilayer.txt .  --tree -N 100 -f undirected,9.533309999999998,1
24,8324879,./Infomap infomap_multilayer.txt . --tree -2 -N 100 -f undirected,9.548289999999998,1
24,8324879,./Infomap infomap_multilayer.txt .  --tree -N 100 -f undirected,9.548289999999998,1
30,8324885,./Infomap infomap_multilayer.txt . --tree -2 -N 100 -f undirected,9.53048,1
30,8324885,./Infomap infomap_multilayer.txt .  --tree -N 100 -f undirected,9.53048,1
26,8324881,./Infomap infomap_multilayer.txt . --tree -2 -N 100 -f undirected,9.53624,1
26,8324881,./Infomap infomap_multilayer.txt .  --tree -N 100 -f undirected,9.53624,1
66,8324921,./Infomap infomap_multilayer.txt . --tree -2 -N 100 -f undirected,9.537959999999998,1
66,8324921,./Infomap infomap_multilayer.txt .  --tree -N 100 -f undirected,9.537959999999998,1
38,8324893,./Infomap infomap_multilayer.txt . --tree -2 -N 100 -f undirected,9.54051,1
38,8324893,./Infomap infomap_multilayer.txt .  --tree -N 100 -f undirected,9.54051,1
43,8324898,./Infomap infomap_multilayer.txt . --tree -2 -N 100 -f undirected,9.534699999999999,1
43,8324898,./Infomap infomap_multilayer.txt .  --tree -N 100 -f undirected,9.534699999999999,1
62,8324917,./Infomap infomap_multilayer.txt . --tree -2 -N 100 -f undirected,9.54448,1
62,8324917,./Infomap infomap_multilayer.txt .  --tree -N 100 -f undirected,9.54448,1
55,8324910,./Infomap infomap_multilayer.txt . --tree -2 -N 100 -f undirected,9.538079999999999,1
55,8324910,./Infomap infomap_multilayer.txt .  --tree -N 100 -f undirected,9.538079999999999,1
76,8324931,./Infomap infomap_multilayer.txt . --tree -2 -N 100 -f undirected,9.528799999999999,1
76,8324931,./Infomap infomap_multilayer.txt .  --tree -N 100 -f undirected,9.528799999999999,1
47,8324902,./Infomap infomap_multilayer.txt . --tree -2 -N 100 -f undirected,9.53545,1
47,8324902,./Infomap infomap_multilayer.txt .  --tree -N 100 -f undirected,9.53545,1
41,8324896,./Infomap infomap_multilayer.txt . --tree -2 -N 100 -f undirected,9.54699,1
41,8324896,./Infomap infomap_multilayer.txt .  --tree -N 100 -f undirected,9.54699,1
19,8324874,./Infomap infomap_multilayer.txt . --tree -2 -N 100 -f undirected,9.53512,1
19,8324874,./Infomap infomap_multilayer.txt .  --tree -N 100 -f undirected,9.53512,1
61,8324916,./Infomap infomap_multilayer.txt . --tree -2 -N 100 -f undirected,9.53508,1
61,8324916,./Infomap infomap_multilayer.txt .  --tree -N 100 -f undirected,9.53508,1
53,8324908,./Infomap infomap_multilayer.txt . --tree -2 -N 100 -f undirected,9.542440000000001,1
53,8324908,./Infomap infomap_multilayer.txt .  --tree -N 100 -f undirected,9.542440000000001,1
60,8324915,./Infomap infomap_multilayer.txt . --tree -2 -N 100 -f undirected,9.545209999999999,1
60,8324915,./Infomap infomap_multilayer.txt .  --tree -N 100 -f undirected,9.545209999999999,1
48,8324903,./Infomap infomap_multilayer.txt . --tree -2 -N 100 -f undirected,9.54268,1
48,8324903,./Infomap infomap_multilayer.txt .  --tree -N 100 -f undirected,9.54268,1
79,8324934,./Infomap infomap_multilayer.txt . --tree -2 -N 100 -f undirected,9.534469999999999,1
79,8324934,./Infomap infomap_multilayer.txt .  --tree -N 100 -f undirected,9.534469999999999,1
20,8324875,./Infomap infomap_multilayer.txt . --tree -2 -N 100 -f undirected,9.541139999999999,1
20,8324875,./Infomap infomap_multilayer.txt .  --tree -N 100 -f undirected,9.541139999999999,1
81,8324936,./Infomap infomap_multilayer.txt . --tree -2 -N 100 -f undirected,9.54201,1
81,8324936,./Infomap infomap_multilayer.txt .  --tree -N 100 -f undirected,9.54201,1
77,8324932,./Infomap infomap_multilayer.txt . --tree -2 -N 100 -f undirected,9.538929999999999,1
77,8324932,./Infomap infomap_multilayer.txt .  --tree -N 100 -f undirected,9.538929999999999,1
57,8324912,./Infomap infomap_multilayer.txt . --tree -2 -N 100 -f undirected,9.546819999999999,1
57,8324912,./Infomap infomap_multilayer.txt .  --tree -N 100 -f undirected,9.546819999999999,1
83,8324938,./Infomap infomap_multilayer.txt . --tree -2 -N 100 -f undirected,9.544599999999999,1
83,8324938,./Infomap infomap_multilayer.txt .  --tree -N 100 -f undirected,9.544599999999999,1
4,8324859,./Infomap infomap_multilayer.txt . --tree -2 -N 100 -f undirected,9.541739999999999,1
4,8324859,./Infomap infomap_multilayer.txt .  --tree -N 100 -f undirected,9.541739999999999,1
42,8324897,./Infomap infomap_multilayer.txt . --tree -2 -N 100 -f undirected,9.531319999999997,1
42,8324897,./Infomap infomap_multilayer.txt .  --tree -N 100 -f undirected,9.531319999999997,1
84,8324939,./Infomap infomap_multilayer.txt . --tree -2 -N 100 -f undirected,9.538139999999999,1
84,8324939,./Infomap infomap_multilayer.txt .  --tree -N 100 -f undirected,9.538139999999999,1
85,8324940,./Infomap infomap_multilayer.txt . --tree -2 -N 100 -f undirected,9.54069,1
85,8324940,./Infomap infomap_multilayer.txt .  --tree -N 100 -f undirected,9.54069,1
40,8324895,./Infomap infomap_multilayer.txt . --tree -2 -N 100 -f undirected,8.857030000000002,8
40,8324895,./Infomap infomap_multilayer.txt .  --tree -N 100 -f undirected,8.857030000000002,8
8,8324863,./Infomap infomap_multilayer.txt . --tree -2 -N 100 -f undirected,8.86162,7
8,8324863,./Infomap infomap_multilayer.txt .  --tree -N 100 -f undirected,8.86162,7
88,8324943,./Infomap infomap_multilayer.txt . --tree -2 -N 100 -f undirected,9.541559999999999,1
88,8324943,./Infomap infomap_multilayer.txt .  --tree -N 100 -f undirected,9.541559999999999,1
86,8324941,./Infomap infomap_multilayer.txt . --tree -2 -N 100 -f undirected,9.537719999999998,1
86,8324941,./Infomap infomap_multilayer.txt .  --tree -N 100 -f undirected,9.537719999999998,1
87,8324942,./Infomap infomap_multilayer.txt . --tree -2 -N 100 -f undirected,9.54633,1
87,8324942,./Infomap infomap_multilayer.txt .  --tree -N 100 -f undirected,9.54633,NA
116,8324971,./Infomap infomap_multilayer.txt . --tree -2 -N 100 -f undirected,9.533059999999999,1
116,8324971,./Infomap infomap_multilayer.txt .  --tree -N 100 -f undirected,9.533059999999999,1
99,8324954,./Infomap infomap_multilayer.txt . --tree -2 -N 100 -f undirected,9.538569999999998,1
99,8324954,./Infomap infomap_multilayer.txt .  --tree -N 100 -f undirected,9.538569999999998,1
96,8324951,./Infomap infomap_multilayer.txt . --tree -2 -N 100 -f undirected,9.538699999999999,1
96,8324951,./Infomap infomap_multilayer.txt .  --tree -N 100 -f undirected,9.538699999999999,1
89,8324944,./Infomap infomap_multilayer.txt . --tree -2 -N 100 -f undirected,9.539109999999999,1
89,8324944,./Infomap infomap_multilayer.txt .  --tree -N 100 -f undirected,9.539109999999999,1
91,8324946,./Infomap infomap_multilayer.txt . --tree -2 -N 100 -f undirected,9.540969999999998,1
91,8324946,./Infomap infomap_multilayer.txt .  --tree -N 100 -f undirected,9.540969999999998,1
102,8324957,./Infomap infomap_multilayer.txt . --tree -2 -N 100 -f undirected,9.541809999999998,1
102,8324957,./Infomap infomap_multilayer.txt .  --tree -N 100 -f undirected,9.541809999999998,1
107,8324962,./Infomap infomap_multilayer.txt . --tree -2 -N 100 -f undirected,9.54013,1
107,8324962,./Infomap infomap_multilayer.txt .  --tree -N 100 -f undirected,9.54013,1
109,8324964,./Infomap infomap_multilayer.txt . --tree -2 -N 100 -f undirected,9.537959999999998,1
109,8324964,./Infomap infomap_multilayer.txt .  --tree -N 100 -f undirected,9.537959999999998,1
94,8324949,./Infomap infomap_multilayer.txt . --tree -2 -N 100 -f undirected,9.541159999999998,1
94,8324949,./Infomap infomap_multilayer.txt .  --tree -N 100 -f undirected,9.541159999999998,1
92,8324947,./Infomap infomap_multilayer.txt . --tree -2 -N 100 -f undirected,9.53975,1
92,8324947,./Infomap infomap_multilayer.txt .  --tree -N 100 -f undirected,9.53975,1
97,8324952,./Infomap infomap_multilayer.txt . --tree -2 -N 100 -f undirected,9.541919999999998,1
97,8324952,./Infomap infomap_multilayer.txt .  --tree -N 100 -f undirected,9.541919999999998,1
111,8324966,./Infomap infomap_multilayer.txt . --tree -2 -N 100 -f undirected,9.544239999999999,1
111,8324966,./Infomap infomap_multilayer.txt .  --tree -N 100 -f undirected,9.544239999999999,1
114,8324969,./Infomap infomap_multilayer.txt . --tree -2 -N 100 -f undirected,9.539430000000001,1
114,8324969,./Infomap infomap_multilayer.txt .  --tree -N 100 -f undirected,9.539430000000001,1
104,8324959,./Infomap infomap_multilayer.txt . --tree -2 -N 100 -f undirected,9.542769999999999,1
104,8324959,./Infomap infomap_multilayer.txt .  --tree -N 100 -f undirected,9.542769999999999,1
112,8324967,./Infomap infomap_multilayer.txt . --tree -2 -N 100 -f undirected,9.547019999999998,1
112,8324967,./Infomap infomap_multilayer.txt .  --tree -N 100 -f undirected,9.547019999999998,NA
118,8324973,./Infomap infomap_multilayer.txt . --tree -2 -N 100 -f undirected,9.541249999999998,1
118,8324973,./Infomap infomap_multilayer.txt .  --tree -N 100 -f undirected,9.541249999999998,1
113,8324968,./Infomap infomap_multilayer.txt . --tree -2 -N 100 -f undirected,9.538939999999998,1
113,8324968,./Infomap infomap_multilayer.txt .  --tree -N 100 -f undirected,9.538939999999998,1
90,8324945,./Infomap infomap_multilayer.txt . --tree -2 -N 100 -f undirected,9.54163,1
90,8324945,./Infomap infomap_multilayer.txt .  --tree -N 100 -f undirected,9.54163,1
110,8324965,./Infomap infomap_multilayer.txt . --tree -2 -N 100 -f undirected,9.536669999999999,1
110,8324965,./Infomap infomap_multilayer.txt .  --tree -N 100 -f undirected,9.536669999999999,1
117,8324972,./Infomap infomap_multilayer.txt . --tree -2 -N 100 -f undirected,9.53963,1
117,8324972,./Infomap infomap_multilayer.txt .  --tree -N 100 -f undirected,9.53963,1
105,8324960,./Infomap infomap_multilayer.txt . --tree -2 -N 100 -f undirected,9.552500000000002,1
105,8324960,./Infomap infomap_multilayer.txt .  --tree -N 100 -f undirected,9.552500000000002,NA
108,8324963,./Infomap infomap_multilayer.txt . --tree -2 -N 100 -f undirected,9.54239,1
108,8324963,./Infomap infomap_multilayer.txt .  --tree -N 100 -f undirected,9.54239,NA
115,8324970,./Infomap infomap_multilayer.txt . --tree -2 -N 100 -f undirected,9.534469999999999,1
115,8324970,./Infomap infomap_multilayer.txt .  --tree -N 100 -f undirected,9.534469999999999,1
122,8324977,./Infomap infomap_multilayer.txt . --tree -2 -N 100 -f undirected,9.532969999999999,1
122,8324977,./Infomap infomap_multilayer.txt .  --tree -N 100 -f undirected,9.532969999999999,1
100,8324955,./Infomap infomap_multilayer.txt . --tree -2 -N 100 -f undirected,9.530809999999999,1
100,8324955,./Infomap infomap_multilayer.txt .  --tree -N 100 -f undirected,9.530809999999999,1
98,8324953,./Infomap infomap_multilayer.txt . --tree -2 -N 100 -f undirected,9.535630000000001,1
98,8324953,./Infomap infomap_multilayer.txt .  --tree -N 100 -f undirected,9.535630000000001,1
95,8324950,./Infomap infomap_multilayer.txt . --tree -2 -N 100 -f undirected,9.541239999999998,1
95,8324950,./Infomap infomap_multilayer.txt .  --tree -N 100 -f undirected,9.541239999999998,1
93,8324948,./Infomap infomap_multilayer.txt . --tree -2 -N 100 -f undirected,9.538309999999997,1
93,8324948,./Infomap infomap_multilayer.txt .  --tree -N 100 -f undirected,9.538309999999997,1
103,8324958,./Infomap infomap_multilayer.txt . --tree -2 -N 100 -f undirected,9.538709999999998,1
103,8324958,./Infomap infomap_multilayer.txt .  --tree -N 100 -f undirected,9.538709999999998,1
120,8324975,./Infomap infomap_multilayer.txt . --tree -2 -N 100 -f undirected,9.54004,1
120,8324975,./Infomap infomap_multilayer.txt .  --tree -N 100 -f undirected,9.54004,1
119,8324974,./Infomap infomap_multilayer.txt . --tree -2 -N 100 -f undirected,9.536069999999999,1
119,8324974,./Infomap infomap_multilayer.txt .  --tree -N 100 -f undirected,9.536069999999999,1
121,8324976,./Infomap infomap_multilayer.txt . --tree -2 -N 100 -f undirected,9.530209999999999,1
121,8324976,./Infomap infomap_multilayer.txt .  --tree -N 100 -f undirected,9.530209999999999,1
106,8324961,./Infomap infomap_multilayer.txt . --tree -2 -N 100 -f undirected,9.543869999999998,1
106,8324961,./Infomap infomap_multilayer.txt .  --tree -N 100 -f undirected,9.543869999999998,1
101,8324956,./Infomap infomap_multilayer.txt . --tree -2 -N 100 -f undirected,9.54178,1
101,8324956,./Infomap infomap_multilayer.txt .  --tree -N 100 -f undirected,9.54178,1
152,8325007,./Infomap infomap_multilayer.txt . --tree -2 -N 100 -f undirected,9.54868,1
152,8325007,./Infomap infomap_multilayer.txt .  --tree -N 100 -f undirected,9.54868,1
155,8325010,./Infomap infomap_multilayer.txt . --tree -2 -N 100 -f undirected,9.534719999999998,1
155,8325010,./Infomap infomap_multilayer.txt .  --tree -N 100 -f undirected,9.534719999999998,1
158,8325013,./Infomap infomap_multilayer.txt . --tree -2 -N 100 -f undirected,9.540349999999998,1
158,8325013,./Infomap infomap_multilayer.txt .  --tree -N 100 -f undirected,9.540349999999998,1
139,8324994,./Infomap infomap_multilayer.txt . --tree -2 -N 100 -f undirected,9.543059999999999,1
139,8324994,./Infomap infomap_multilayer.txt .  --tree -N 100 -f undirected,9.543059999999999,1
168,8325023,./Infomap infomap_multilayer.txt . --tree -2 -N 100 -f undirected,9.538599999999999,1
168,8325023,./Infomap infomap_multilayer.txt .  --tree -N 100 -f undirected,9.538599999999999,1
162,8325017,./Infomap infomap_multilayer.txt . --tree -2 -N 100 -f undirected,9.53589,1
162,8325017,./Infomap infomap_multilayer.txt .  --tree -N 100 -f undirected,9.53589,1
125,8324980,./Infomap infomap_multilayer.txt . --tree -2 -N 100 -f undirected,9.54163,1
125,8324980,./Infomap infomap_multilayer.txt .  --tree -N 100 -f undirected,9.54163,1
131,8324986,./Infomap infomap_multilayer.txt . --tree -2 -N 100 -f undirected,9.5337,1
131,8324986,./Infomap infomap_multilayer.txt .  --tree -N 100 -f undirected,9.5337,1
143,8324998,./Infomap infomap_multilayer.txt . --tree -2 -N 100 -f undirected,9.544059999999998,1
143,8324998,./Infomap infomap_multilayer.txt .  --tree -N 100 -f undirected,9.544059999999998,1
126,8324981,./Infomap infomap_multilayer.txt . --tree -2 -N 100 -f undirected,9.53561,1
126,8324981,./Infomap infomap_multilayer.txt .  --tree -N 100 -f undirected,9.53561,1
140,8324995,./Infomap infomap_multilayer.txt . --tree -2 -N 100 -f undirected,9.541119999999998,1
140,8324995,./Infomap infomap_multilayer.txt .  --tree -N 100 -f undirected,9.541119999999998,1
167,8325022,./Infomap infomap_multilayer.txt . --tree -2 -N 100 -f undirected,9.53565,1
167,8325022,./Infomap infomap_multilayer.txt .  --tree -N 100 -f undirected,9.53565,1
164,8325019,./Infomap infomap_multilayer.txt . --tree -2 -N 100 -f undirected,9.541469999999999,1
164,8325019,./Infomap infomap_multilayer.txt .  --tree -N 100 -f undirected,9.541469999999999,1
153,8325008,./Infomap infomap_multilayer.txt . --tree -2 -N 100 -f undirected,9.53445,1
153,8325008,./Infomap infomap_multilayer.txt .  --tree -N 100 -f undirected,9.53445,1
154,8325009,./Infomap infomap_multilayer.txt . --tree -2 -N 100 -f undirected,9.538899999999998,1
154,8325009,./Infomap infomap_multilayer.txt .  --tree -N 100 -f undirected,9.538899999999998,1
133,8324988,./Infomap infomap_multilayer.txt . --tree -2 -N 100 -f undirected,9.538849999999998,1
133,8324988,./Infomap infomap_multilayer.txt .  --tree -N 100 -f undirected,9.538849999999998,1
123,8324978,./Infomap infomap_multilayer.txt . --tree -2 -N 100 -f undirected,9.545169999999999,1
123,8324978,./Infomap infomap_multilayer.txt .  --tree -N 100 -f undirected,9.545169999999999,NA
160,8325015,./Infomap infomap_multilayer.txt . --tree -2 -N 100 -f undirected,9.547099999999999,1
160,8325015,./Infomap infomap_multilayer.txt .  --tree -N 100 -f undirected,9.547099999999999,1
129,8324984,./Infomap infomap_multilayer.txt . --tree -2 -N 100 -f undirected,9.539919999999999,1
129,8324984,./Infomap infomap_multilayer.txt .  --tree -N 100 -f undirected,9.539919999999999,1
166,8325021,./Infomap infomap_multilayer.txt . --tree -2 -N 100 -f undirected,9.54154,1
166,8325021,./Infomap infomap_multilayer.txt .  --tree -N 100 -f undirected,9.54154,1
165,8325020,./Infomap infomap_multilayer.txt . --tree -2 -N 100 -f undirected,9.54154,1
165,8325020,./Infomap infomap_multilayer.txt .  --tree -N 100 -f undirected,9.54154,1
144,8324999,./Infomap infomap_multilayer.txt . --tree -2 -N 100 -f undirected,9.53908,1
144,8324999,./Infomap infomap_multilayer.txt .  --tree -N 100 -f undirected,9.53908,1
130,8324985,./Infomap infomap_multilayer.txt . --tree -2 -N 100 -f undirected,9.54051,1
130,8324985,./Infomap infomap_multilayer.txt .  --tree -N 100 -f undirected,9.54051,1
163,8325018,./Infomap infomap_multilayer.txt . --tree -2 -N 100 -f undirected,9.539,1
163,8325018,./Infomap infomap_multilayer.txt .  --tree -N 100 -f undirected,9.539,1
124,8324979,./Infomap infomap_multilayer.txt . --tree -2 -N 100 -f undirected,9.54252,1
124,8324979,./Infomap infomap_multilayer.txt .  --tree -N 100 -f undirected,9.54252,1
145,8325000,./Infomap infomap_multilayer.txt . --tree -2 -N 100 -f undirected,9.53214,1
145,8325000,./Infomap infomap_multilayer.txt .  --tree -N 100 -f undirected,9.53214,1
150,8325005,./Infomap infomap_multilayer.txt . --tree -2 -N 100 -f undirected,9.528049999999999,1
150,8325005,./Infomap infomap_multilayer.txt .  --tree -N 100 -f undirected,9.528049999999999,1
137,8324992,./Infomap infomap_multilayer.txt . --tree -2 -N 100 -f undirected,9.5376,1
137,8324992,./Infomap infomap_multilayer.txt .  --tree -N 100 -f undirected,9.5376,1
128,8324983,./Infomap infomap_multilayer.txt . --tree -2 -N 100 -f undirected,9.538219999999997,1
128,8324983,./Infomap infomap_multilayer.txt .  --tree -N 100 -f undirected,9.538219999999997,1
138,8324993,./Infomap infomap_multilayer.txt . --tree -2 -N 100 -f undirected,9.547209999999998,1
138,8324993,./Infomap infomap_multilayer.txt .  --tree -N 100 -f undirected,9.547209999999998,1
156,8325011,./Infomap infomap_multilayer.txt . --tree -2 -N 100 -f undirected,9.542580000000001,1
156,8325011,./Infomap infomap_multilayer.txt .  --tree -N 100 -f undirected,9.542580000000001,1
141,8324996,./Infomap infomap_multilayer.txt . --tree -2 -N 100 -f undirected,9.54201,1
141,8324996,./Infomap infomap_multilayer.txt .  --tree -N 100 -f undirected,9.54201,1
159,8325014,./Infomap infomap_multilayer.txt . --tree -2 -N 100 -f undirected,9.53656,1
159,8325014,./Infomap infomap_multilayer.txt .  --tree -N 100 -f undirected,9.53656,1
136,8324991,./Infomap infomap_multilayer.txt . --tree -2 -N 100 -f undirected,9.54664,1
136,8324991,./Infomap infomap_multilayer.txt .  --tree -N 100 -f undirected,9.54664,1
142,8324997,./Infomap infomap_multilayer.txt . --tree -2 -N 100 -f undirected,9.55177,1
142,8324997,./Infomap infomap_multilayer.txt .  --tree -N 100 -f undirected,9.55177,1
149,8325004,./Infomap infomap_multilayer.txt . --tree -2 -N 100 -f undirected,9.54583,1
149,8325004,./Infomap infomap_multilayer.txt .  --tree -N 100 -f undirected,9.54583,1
161,8325016,./Infomap infomap_multilayer.txt . --tree -2 -N 100 -f undirected,9.541039999999999,1
161,8325016,./Infomap infomap_multilayer.txt .  --tree -N 100 -f undirected,9.541039999999999,1
132,8324987,./Infomap infomap_multilayer.txt . --tree -2 -N 100 -f undirected,9.540169999999998,1
132,8324987,./Infomap infomap_multilayer.txt .  --tree -N 100 -f undirected,9.540169999999998,NA
147,8325002,./Infomap infomap_multilayer.txt . --tree -2 -N 100 -f undirected,9.538719999999998,1
147,8325002,./Infomap infomap_multilayer.txt .  --tree -N 100 -f undirected,9.538719999999998,1
127,8324982,./Infomap infomap_multilayer.txt . --tree -2 -N 100 -f undirected,9.53988,1
127,8324982,./Infomap infomap_multilayer.txt .  --tree -N 100 -f undirected,9.53988,1
146,8325001,./Infomap infomap_multilayer.txt . --tree -2 -N 100 -f undirected,9.543199999999999,1
146,8325001,./Infomap infomap_multilayer.txt .  --tree -N 100 -f undirected,9.543199999999999,1
157,8325012,./Infomap infomap_multilayer.txt . --tree -2 -N 100 -f undirected,9.54214,1
157,8325012,./Infomap infomap_multilayer.txt .  --tree -N 100 -f undirected,9.54214,1
135,8324990,./Infomap infomap_multilayer.txt . --tree -2 -N 100 -f undirected,9.53798,1
135,8324990,./Infomap infomap_multilayer.txt .  --tree -N 100 -f undirected,9.53798,1
151,8325006,./Infomap infomap_multilayer.txt . --tree -2 -N 100 -f undirected,9.537339999999999,1
151,8325006,./Infomap infomap_multilayer.txt .  --tree -N 100 -f undirected,9.537339999999999,1
134,8324989,./Infomap infomap_multilayer.txt . --tree -2 -N 100 -f undirected,9.54366,1
134,8324989,./Infomap infomap_multilayer.txt .  --tree -N 100 -f undirected,9.54366,1
148,8325003,./Infomap infomap_multilayer.txt . --tree -2 -N 100 -f undirected,9.541099999999998,1
148,8325003,./Infomap infomap_multilayer.txt .  --tree -N 100 -f undirected,9.541099999999998,1
169,8325024,./Infomap infomap_multilayer.txt . --tree -2 -N 100 -f undirected,9.54068,1
169,8325024,./Infomap infomap_multilayer.txt .  --tree -N 100 -f undirected,9.54068,1
171,8325026,./Infomap infomap_multilayer.txt . --tree -2 -N 100 -f undirected,9.54566,1
171,8325026,./Infomap infomap_multilayer.txt .  --tree -N 100 -f undirected,9.54566,1
170,8325025,./Infomap infomap_multilayer.txt . --tree -2 -N 100 -f undirected,9.53609,1
170,8325025,./Infomap infomap_multilayer.txt .  --tree -N 100 -f undirected,9.53609,1
180,8325035,./Infomap infomap_multilayer.txt . --tree -2 -N 100 -f undirected,9.54556,1
180,8325035,./Infomap infomap_multilayer.txt .  --tree -N 100 -f undirected,9.54556,1
172,8325027,./Infomap infomap_multilayer.txt . --tree -2 -N 100 -f undirected,9.539,1
172,8325027,./Infomap infomap_multilayer.txt .  --tree -N 100 -f undirected,9.539,1
176,8325031,./Infomap infomap_multilayer.txt . --tree -2 -N 100 -f undirected,9.54963,1
176,8325031,./Infomap infomap_multilayer.txt .  --tree -N 100 -f undirected,9.54963,NA
178,8325033,./Infomap infomap_multilayer.txt . --tree -2 -N 100 -f undirected,9.533719999999999,1
178,8325033,./Infomap infomap_multilayer.txt .  --tree -N 100 -f undirected,9.533719999999999,1
179,8325034,./Infomap infomap_multilayer.txt . --tree -2 -N 100 -f undirected,9.53952,1
179,8325034,./Infomap infomap_multilayer.txt .  --tree -N 100 -f undirected,9.53952,1
177,8325032,./Infomap infomap_multilayer.txt . --tree -2 -N 100 -f undirected,9.541339999999998,1
177,8325032,./Infomap infomap_multilayer.txt .  --tree -N 100 -f undirected,9.541339999999998,1
183,8325038,./Infomap infomap_multilayer.txt . --tree -2 -N 100 -f undirected,9.54669,1
183,8325038,./Infomap infomap_multilayer.txt .  --tree -N 100 -f undirected,9.54669,1
182,8325037,./Infomap infomap_multilayer.txt . --tree -2 -N 100 -f undirected,9.53567,1
182,8325037,./Infomap infomap_multilayer.txt .  --tree -N 100 -f undirected,9.53567,1
175,8325030,./Infomap infomap_multilayer.txt . --tree -2 -N 100 -f undirected,9.53615,1
175,8325030,./Infomap infomap_multilayer.txt .  --tree -N 100 -f undirected,9.53615,1
174,8325029,./Infomap infomap_multilayer.txt . --tree -2 -N 100 -f undirected,9.521209999999998,1
174,8325029,./Infomap infomap_multilayer.txt .  --tree -N 100 -f undirected,9.521209999999998,1
173,8325028,./Infomap infomap_multilayer.txt . --tree -2 -N 100 -f undirected,9.53649,1
173,8325028,./Infomap infomap_multilayer.txt .  --tree -N 100 -f undirected,9.53649,NA
181,8325036,./Infomap infomap_multilayer.txt . --tree -2 -N 100 -f undirected,9.531339999999998,1
181,8325036,./Infomap infomap_multilayer.txt .  --tree -N 100 -f undirected,9.531339999999998,1
212,8325067,./Infomap infomap_multilayer.txt . --tree -2 -N 100 -f undirected,9.5477899999999991,1
212,8325067,./Infomap infomap_multilayer.txt .  --tree -N 100 -f undirected,9.5477899999999991,NA
190,8325045,./Infomap infomap_multilayer.txt . --tree -2 -N 100 -f undirected,9.540259999999998,1
190,8325045,./Infomap infomap_multilayer.txt .  --tree -N 100 -f undirected,9.540259999999998,1
188,8325043,./Infomap infomap_multilayer.txt . --tree -2 -N 100 -f undirected,9.539969999999999,1
188,8325043,./Infomap infomap_multilayer.txt .  --tree -N 100 -f undirected,9.539969999999999,1
186,8325041,./Infomap infomap_multilayer.txt . --tree -2 -N 100 -f undirected,9.547809999999998,1
186,8325041,./Infomap infomap_multilayer.txt .  --tree -N 100 -f undirected,9.547809999999998,1
187,8325042,./Infomap infomap_multilayer.txt . --tree -2 -N 100 -f undirected,9.538929999999999,1
187,8325042,./Infomap infomap_multilayer.txt .  --tree -N 100 -f undirected,9.538929999999999,1
213,8325068,./Infomap infomap_multilayer.txt . --tree -2 -N 100 -f undirected,9.5438,1
213,8325068,./Infomap infomap_multilayer.txt .  --tree -N 100 -f undirected,9.5438,NA
203,8325058,./Infomap infomap_multilayer.txt . --tree -2 -N 100 -f undirected,9.54023,1
203,8325058,./Infomap infomap_multilayer.txt .  --tree -N 100 -f undirected,9.54023,1
193,8325048,./Infomap infomap_multilayer.txt . --tree -2 -N 100 -f undirected,9.54278,1
193,8325048,./Infomap infomap_multilayer.txt .  --tree -N 100 -f undirected,9.54278,1
191,8325046,./Infomap infomap_multilayer.txt . --tree -2 -N 100 -f undirected,9.542219999999999,1
191,8325046,./Infomap infomap_multilayer.txt .  --tree -N 100 -f undirected,9.542219999999999,1
200,8325055,./Infomap infomap_multilayer.txt . --tree -2 -N 100 -f undirected,9.538069999999998,1
200,8325055,./Infomap infomap_multilayer.txt .  --tree -N 100 -f undirected,9.538069999999998,1
196,8325051,./Infomap infomap_multilayer.txt . --tree -2 -N 100 -f undirected,9.54998,1
196,8325051,./Infomap infomap_multilayer.txt .  --tree -N 100 -f undirected,9.54998,1
198,8325053,./Infomap infomap_multilayer.txt . --tree -2 -N 100 -f undirected,9.540239999999999,1
198,8325053,./Infomap infomap_multilayer.txt .  --tree -N 100 -f undirected,9.540239999999999,1
189,8325044,./Infomap infomap_multilayer.txt . --tree -2 -N 100 -f undirected,9.53308,1
189,8325044,./Infomap infomap_multilayer.txt .  --tree -N 100 -f undirected,9.53308,1
204,8325059,./Infomap infomap_multilayer.txt . --tree -2 -N 100 -f undirected,9.542819999999999,1
204,8325059,./Infomap infomap_multilayer.txt .  --tree -N 100 -f undirected,9.542819999999999,1
209,8325064,./Infomap infomap_multilayer.txt . --tree -2 -N 100 -f undirected,9.53018,1
209,8325064,./Infomap infomap_multilayer.txt .  --tree -N 100 -f undirected,9.53018,1
202,8325057,./Infomap infomap_multilayer.txt . --tree -2 -N 100 -f undirected,9.530159999999999,1
202,8325057,./Infomap infomap_multilayer.txt .  --tree -N 100 -f undirected,9.530159999999999,NA
211,8325066,./Infomap infomap_multilayer.txt . --tree -2 -N 100 -f undirected,9.53958,1
211,8325066,./Infomap infomap_multilayer.txt .  --tree -N 100 -f undirected,9.53958,1
184,8325039,./Infomap infomap_multilayer.txt . --tree -2 -N 100 -f undirected,9.5405,1
184,8325039,./Infomap infomap_multilayer.txt .  --tree -N 100 -f undirected,9.5405,1
207,8325062,./Infomap infomap_multilayer.txt . --tree -2 -N 100 -f undirected,9.5502,1
207,8325062,./Infomap infomap_multilayer.txt .  --tree -N 100 -f undirected,9.5502,1
208,8325063,./Infomap infomap_multilayer.txt . --tree -2 -N 100 -f undirected,9.537969999999998,1
208,8325063,./Infomap infomap_multilayer.txt .  --tree -N 100 -f undirected,9.537969999999998,NA
194,8325049,./Infomap infomap_multilayer.txt . --tree -2 -N 100 -f undirected,9.541949999999998,1
194,8325049,./Infomap infomap_multilayer.txt .  --tree -N 100 -f undirected,9.541949999999998,1
195,8325050,./Infomap infomap_multilayer.txt . --tree -2 -N 100 -f undirected,9.53944,1
195,8325050,./Infomap infomap_multilayer.txt .  --tree -N 100 -f undirected,9.53944,1
206,8325061,./Infomap infomap_multilayer.txt . --tree -2 -N 100 -f undirected,9.542359999999999,1
206,8325061,./Infomap infomap_multilayer.txt .  --tree -N 100 -f undirected,9.542359999999999,1
210,8325065,./Infomap infomap_multilayer.txt . --tree -2 -N 100 -f undirected,9.53535,1
210,8325065,./Infomap infomap_multilayer.txt .  --tree -N 100 -f undirected,9.53535,NA
199,8325054,./Infomap infomap_multilayer.txt . --tree -2 -N 100 -f undirected,9.538229999999999,1
199,8325054,./Infomap infomap_multilayer.txt .  --tree -N 100 -f undirected,9.538229999999999,1
197,8325052,./Infomap infomap_multilayer.txt . --tree -2 -N 100 -f undirected,9.54545,1
197,8325052,./Infomap infomap_multilayer.txt .  --tree -N 100 -f undirected,9.54545,NA
185,8325040,./Infomap infomap_multilayer.txt . --tree -2 -N 100 -f undirected,9.538709999999998,1
185,8325040,./Infomap infomap_multilayer.txt .  --tree -N 100 -f undirected,9.538709999999998,1
201,8325056,./Infomap infomap_multilayer.txt . --tree -2 -N 100 -f undirected,9.534329999999999,1
201,8325056,./Infomap infomap_multilayer.txt .  --tree -N 100 -f undirected,9.534329999999999,1
192,8325047,./Infomap infomap_multilayer.txt . --tree -2 -N 100 -f undirected,9.54278,1
192,8325047,./Infomap infomap_multilayer.txt .  --tree -N 100 -f undirected,9.54278,1
205,8325060,./Infomap infomap_multilayer.txt . --tree -2 -N 100 -f undirected,9.54056,1
205,8325060,./Infomap infomap_multilayer.txt .  --tree -N 100 -f undirected,9.54056,1
216,8325071,./Infomap infomap_multilayer.txt . --tree -2 -N 100 -f undirected,9.53575,1
216,8325071,./Infomap infomap_multilayer.txt .  --tree -N 100 -f undirected,9.53575,1
234,8325089,./Infomap infomap_multilayer.txt . --tree -2 -N 100 -f undirected,9.537349999999998,1
234,8325089,./Infomap infomap_multilayer.txt .  --tree -N 100 -f undirected,9.537349999999998,1
221,8325076,./Infomap infomap_multilayer.txt . --tree -2 -N 100 -f undirected,9.537949999999999,1
221,8325076,./Infomap infomap_multilayer.txt .  --tree -N 100 -f undirected,9.537949999999999,1
235,8325090,./Infomap infomap_multilayer.txt . --tree -2 -N 100 -f undirected,9.54028,1
235,8325090,./Infomap infomap_multilayer.txt .  --tree -N 100 -f undirected,9.54028,1
220,8325075,./Infomap infomap_multilayer.txt . --tree -2 -N 100 -f undirected,9.541359999999997,1
220,8325075,./Infomap infomap_multilayer.txt .  --tree -N 100 -f undirected,9.541359999999997,1
219,8325074,./Infomap infomap_multilayer.txt . --tree -2 -N 100 -f undirected,9.52708,1
219,8325074,./Infomap infomap_multilayer.txt .  --tree -N 100 -f undirected,9.52708,1
223,8325078,./Infomap infomap_multilayer.txt . --tree -2 -N 100 -f undirected,9.547969999999998,1
223,8325078,./Infomap infomap_multilayer.txt .  --tree -N 100 -f undirected,9.547969999999998,1
239,8325094,./Infomap infomap_multilayer.txt . --tree -2 -N 100 -f undirected,9.54559,1
239,8325094,./Infomap infomap_multilayer.txt .  --tree -N 100 -f undirected,9.54559,1
243,8325098,./Infomap infomap_multilayer.txt . --tree -2 -N 100 -f undirected,9.53283,1
243,8325098,./Infomap infomap_multilayer.txt .  --tree -N 100 -f undirected,9.53283,1
218,8325073,./Infomap infomap_multilayer.txt . --tree -2 -N 100 -f undirected,9.538099999999998,1
218,8325073,./Infomap infomap_multilayer.txt .  --tree -N 100 -f undirected,9.538099999999998,1
228,8325083,./Infomap infomap_multilayer.txt . --tree -2 -N 100 -f undirected,9.529440000000001,1
228,8325083,./Infomap infomap_multilayer.txt .  --tree -N 100 -f undirected,9.529440000000001,1
240,8325095,./Infomap infomap_multilayer.txt . --tree -2 -N 100 -f undirected,9.55157,1
240,8325095,./Infomap infomap_multilayer.txt .  --tree -N 100 -f undirected,9.55157,1
236,8325091,./Infomap infomap_multilayer.txt . --tree -2 -N 100 -f undirected,9.545319999999998,1
236,8325091,./Infomap infomap_multilayer.txt .  --tree -N 100 -f undirected,9.545319999999998,1
215,8325070,./Infomap infomap_multilayer.txt . --tree -2 -N 100 -f undirected,9.54164,1
215,8325070,./Infomap infomap_multilayer.txt .  --tree -N 100 -f undirected,9.54164,NA
222,8325077,./Infomap infomap_multilayer.txt . --tree -2 -N 100 -f undirected,9.532119999999999,1
222,8325077,./Infomap infomap_multilayer.txt .  --tree -N 100 -f undirected,9.532119999999999,1
231,8325086,./Infomap infomap_multilayer.txt . --tree -2 -N 100 -f undirected,9.53853,1
231,8325086,./Infomap infomap_multilayer.txt .  --tree -N 100 -f undirected,9.53853,1
237,8325092,./Infomap infomap_multilayer.txt . --tree -2 -N 100 -f undirected,9.538599999999999,1
237,8325092,./Infomap infomap_multilayer.txt .  --tree -N 100 -f undirected,9.538599999999999,1
244,8325099,./Infomap infomap_multilayer.txt . --tree -2 -N 100 -f undirected,9.5494,1
244,8325099,./Infomap infomap_multilayer.txt .  --tree -N 100 -f undirected,9.5494,1
245,8325100,./Infomap infomap_multilayer.txt . --tree -2 -N 100 -f undirected,9.538389999999998,1
245,8325100,./Infomap infomap_multilayer.txt .  --tree -N 100 -f undirected,9.538389999999998,1
225,8325080,./Infomap infomap_multilayer.txt . --tree -2 -N 100 -f undirected,9.541669999999998,1
225,8325080,./Infomap infomap_multilayer.txt .  --tree -N 100 -f undirected,9.541669999999998,1
217,8325072,./Infomap infomap_multilayer.txt . --tree -2 -N 100 -f undirected,9.546009999999999,1
217,8325072,./Infomap infomap_multilayer.txt .  --tree -N 100 -f undirected,9.546009999999999,1
250,8325105,./Infomap infomap_multilayer.txt . --tree -2 -N 100 -f undirected,9.53629,1
250,8325105,./Infomap infomap_multilayer.txt .  --tree -N 100 -f undirected,9.53629,1
249,8325104,./Infomap infomap_multilayer.txt . --tree -2 -N 100 -f undirected,9.537199999999999,1
249,8325104,./Infomap infomap_multilayer.txt .  --tree -N 100 -f undirected,9.537199999999999,1
246,8325101,./Infomap infomap_multilayer.txt . --tree -2 -N 100 -f undirected,9.537799999999999,1
246,8325101,./Infomap infomap_multilayer.txt .  --tree -N 100 -f undirected,9.537799999999999,1
227,8325082,./Infomap infomap_multilayer.txt . --tree -2 -N 100 -f undirected,9.53703,1
227,8325082,./Infomap infomap_multilayer.txt .  --tree -N 100 -f undirected,9.53703,1
251,8325106,./Infomap infomap_multilayer.txt . --tree -2 -N 100 -f undirected,9.54853,1
251,8325106,./Infomap infomap_multilayer.txt .  --tree -N 100 -f undirected,9.54853,1
238,8325093,./Infomap infomap_multilayer.txt . --tree -2 -N 100 -f undirected,9.538359999999997,1
238,8325093,./Infomap infomap_multilayer.txt .  --tree -N 100 -f undirected,9.538359999999997,1
241,8325096,./Infomap infomap_multilayer.txt . --tree -2 -N 100 -f undirected,9.53454,1
241,8325096,./Infomap infomap_multilayer.txt .  --tree -N 100 -f undirected,9.53454,1
214,8325069,./Infomap infomap_multilayer.txt . --tree -2 -N 100 -f undirected,9.545259999999999,1
214,8325069,./Infomap infomap_multilayer.txt .  --tree -N 100 -f undirected,9.545259999999999,1
229,8325084,./Infomap infomap_multilayer.txt . --tree -2 -N 100 -f undirected,9.5453,1
229,8325084,./Infomap infomap_multilayer.txt .  --tree -N 100 -f undirected,9.5453,1
226,8325081,./Infomap infomap_multilayer.txt . --tree -2 -N 100 -f undirected,9.54663,1
226,8325081,./Infomap infomap_multilayer.txt .  --tree -N 100 -f undirected,9.54663,1
224,8325079,./Infomap infomap_multilayer.txt . --tree -2 -N 100 -f undirected,9.54349,1
224,8325079,./Infomap infomap_multilayer.txt .  --tree -N 100 -f undirected,9.54349,1
247,8325102,./Infomap infomap_multilayer.txt . --tree -2 -N 100 -f undirected,9.539299999999999,1
247,8325102,./Infomap infomap_multilayer.txt .  --tree -N 100 -f undirected,9.539299999999999,NA
242,8325097,./Infomap infomap_multilayer.txt . --tree -2 -N 100 -f undirected,9.537389999999998,1
242,8325097,./Infomap infomap_multilayer.txt .  --tree -N 100 -f undirected,9.537389999999998,1
248,8325103,./Infomap infomap_multilayer.txt . --tree -2 -N 100 -f undirected,9.537519999999999,1
248,8325103,./Infomap infomap_multilayer.txt .  --tree -N 100 -f undirected,9.537519999999999,1
230,8325085,./Infomap infomap_multilayer.txt . --tree -2 -N 100 -f undirected,9.53503,1
230,8325085,./Infomap infomap_multilayer.txt .  --tree -N 100 -f undirected,9.53503,1
232,8325087,./Infomap infomap_multilayer.txt . --tree -2 -N 100 -f undirected,9.542169999999999,1
232,8325087,./Infomap infomap_multilayer.txt .  --tree -N 100 -f undirected,9.542169999999999,1
233,8325088,./Infomap infomap_multilayer.txt . --tree -2 -N 100 -f undirected,9.53657,1
233,8325088,./Infomap infomap_multilayer.txt .  --tree -N 100 -f undirected,9.53657,NA
253,8325108,./Infomap infomap_multilayer.txt . --tree -2 -N 100 -f undirected,9.53546,1
253,8325108,./Infomap infomap_multilayer.txt .  --tree -N 100 -f undirected,9.53546,NA
252,8325107,./Infomap infomap_multilayer.txt . --tree -2 -N 100 -f undirected,9.53047,1
252,8325107,./Infomap infomap_multilayer.txt .  --tree -N 100 -f undirected,9.53047,NA
256,8325111,./Infomap infomap_multilayer.txt . --tree -2 -N 100 -f undirected,9.55029,1
256,8325111,./Infomap infomap_multilayer.txt .  --tree -N 100 -f undirected,9.55029,1
254,8325109,./Infomap infomap_multilayer.txt . --tree -2 -N 100 -f undirected,9.548779999999999,1
254,8325109,./Infomap infomap_multilayer.txt .  --tree -N 100 -f undirected,9.548779999999999,NA
258,8325113,./Infomap infomap_multilayer.txt . --tree -2 -N 100 -f undirected,9.543289999999999,1
258,8325113,./Infomap infomap_multilayer.txt .  --tree -N 100 -f undirected,9.543289999999999,1
260,8325115,./Infomap infomap_multilayer.txt . --tree -2 -N 100 -f undirected,9.53848,1
260,8325115,./Infomap infomap_multilayer.txt .  --tree -N 100 -f undirected,9.53848,1
259,8325114,./Infomap infomap_multilayer.txt . --tree -2 -N 100 -f undirected,9.53685,1
259,8325114,./Infomap infomap_multilayer.txt .  --tree -N 100 -f undirected,9.53685,1
268,8325123,./Infomap infomap_multilayer.txt . --tree -2 -N 100 -f undirected,9.52708,1
268,8325123,./Infomap infomap_multilayer.txt .  --tree -N 100 -f undirected,9.52708,1
273,8325128,./Infomap infomap_multilayer.txt . --tree -2 -N 100 -f undirected,9.541039999999999,1
273,8325128,./Infomap infomap_multilayer.txt .  --tree -N 100 -f undirected,9.541039999999999,1
265,8325120,./Infomap infomap_multilayer.txt . --tree -2 -N 100 -f undirected,9.54144,1
265,8325120,./Infomap infomap_multilayer.txt .  --tree -N 100 -f undirected,9.54144,1
262,8325117,./Infomap infomap_multilayer.txt . --tree -2 -N 100 -f undirected,9.541409999999999,1
262,8325117,./Infomap infomap_multilayer.txt .  --tree -N 100 -f undirected,9.541409999999999,1
261,8325116,./Infomap infomap_multilayer.txt . --tree -2 -N 100 -f undirected,9.5519,1
261,8325116,./Infomap infomap_multilayer.txt .  --tree -N 100 -f undirected,9.5519,1
267,8325122,./Infomap infomap_multilayer.txt . --tree -2 -N 100 -f undirected,9.547139999999999,1
267,8325122,./Infomap infomap_multilayer.txt .  --tree -N 100 -f undirected,9.547139999999999,1
270,8325125,./Infomap infomap_multilayer.txt . --tree -2 -N 100 -f undirected,9.542359999999999,1
270,8325125,./Infomap infomap_multilayer.txt .  --tree -N 100 -f undirected,9.542359999999999,NA
274,8325129,./Infomap infomap_multilayer.txt . --tree -2 -N 100 -f undirected,9.54291,1
274,8325129,./Infomap infomap_multilayer.txt .  --tree -N 100 -f undirected,9.54291,1
271,8325126,./Infomap infomap_multilayer.txt . --tree -2 -N 100 -f undirected,9.53913,1
271,8325126,./Infomap infomap_multilayer.txt .  --tree -N 100 -f undirected,9.53913,1
264,8325119,./Infomap infomap_multilayer.txt . --tree -2 -N 100 -f undirected,9.52888,1
264,8325119,./Infomap infomap_multilayer.txt .  --tree -N 100 -f undirected,9.52888,1
272,8325127,./Infomap infomap_multilayer.txt . --tree -2 -N 100 -f undirected,9.53741,1
272,8325127,./Infomap infomap_multilayer.txt .  --tree -N 100 -f undirected,9.53741,1
266,8325121,./Infomap infomap_multilayer.txt . --tree -2 -N 100 -f undirected,9.541959999999998,1
266,8325121,./Infomap infomap_multilayer.txt .  --tree -N 100 -f undirected,9.541959999999998,1
269,8325124,./Infomap infomap_multilayer.txt . --tree -2 -N 100 -f undirected,9.54604,1
269,8325124,./Infomap infomap_multilayer.txt .  --tree -N 100 -f undirected,9.54604,NA
263,8325118,./Infomap infomap_multilayer.txt . --tree -2 -N 100 -f undirected,9.538499999999999,1
263,8325118,./Infomap infomap_multilayer.txt .  --tree -N 100 -f undirected,9.538499999999999,1
279,8325134,./Infomap infomap_multilayer.txt . --tree -2 -N 100 -f undirected,9.537709999999999,1
279,8325134,./Infomap infomap_multilayer.txt .  --tree -N 100 -f undirected,9.537709999999999,1
282,8325137,./Infomap infomap_multilayer.txt . --tree -2 -N 100 -f undirected,9.54051,1
282,8325137,./Infomap infomap_multilayer.txt .  --tree -N 100 -f undirected,9.54051,1
288,8325143,./Infomap infomap_multilayer.txt . --tree -2 -N 100 -f undirected,9.538899999999998,1
288,8325143,./Infomap infomap_multilayer.txt .  --tree -N 100 -f undirected,9.538899999999998,1
284,8325139,./Infomap infomap_multilayer.txt . --tree -2 -N 100 -f undirected,9.534189999999999,1
284,8325139,./Infomap infomap_multilayer.txt .  --tree -N 100 -f undirected,9.534189999999999,NA
283,8325138,./Infomap infomap_multilayer.txt . --tree -2 -N 100 -f undirected,9.538499999999999,1
283,8325138,./Infomap infomap_multilayer.txt .  --tree -N 100 -f undirected,9.538499999999999,1
280,8325135,./Infomap infomap_multilayer.txt . --tree -2 -N 100 -f undirected,9.53262,1
280,8325135,./Infomap infomap_multilayer.txt .  --tree -N 100 -f undirected,9.53262,1
290,8325145,./Infomap infomap_multilayer.txt . --tree -2 -N 100 -f undirected,9.538549999999999,1
290,8325145,./Infomap infomap_multilayer.txt .  --tree -N 100 -f undirected,9.538549999999999,1
281,8325136,./Infomap infomap_multilayer.txt . --tree -2 -N 100 -f undirected,9.54643,1
281,8325136,./Infomap infomap_multilayer.txt .  --tree -N 100 -f undirected,9.54643,1
303,8325158,./Infomap infomap_multilayer.txt . --tree -2 -N 100 -f undirected,9.541269999999997,1
303,8325158,./Infomap infomap_multilayer.txt .  --tree -N 100 -f undirected,9.541269999999997,1
277,8325132,./Infomap infomap_multilayer.txt . --tree -2 -N 100 -f undirected,9.54554,1
277,8325132,./Infomap infomap_multilayer.txt .  --tree -N 100 -f undirected,9.54554,1
285,8325140,./Infomap infomap_multilayer.txt . --tree -2 -N 100 -f undirected,9.540209999999998,1
285,8325140,./Infomap infomap_multilayer.txt .  --tree -N 100 -f undirected,9.540209999999998,NA
286,8325141,./Infomap infomap_multilayer.txt . --tree -2 -N 100 -f undirected,9.542269999999998,1
286,8325141,./Infomap infomap_multilayer.txt .  --tree -N 100 -f undirected,9.542269999999998,1
278,8325133,./Infomap infomap_multilayer.txt . --tree -2 -N 100 -f undirected,9.54059,1
278,8325133,./Infomap infomap_multilayer.txt .  --tree -N 100 -f undirected,9.54059,1
295,8325150,./Infomap infomap_multilayer.txt . --tree -2 -N 100 -f undirected,9.54255,1
295,8325150,./Infomap infomap_multilayer.txt .  --tree -N 100 -f undirected,9.54255,1
293,8325148,./Infomap infomap_multilayer.txt . --tree -2 -N 100 -f undirected,9.5395,1
293,8325148,./Infomap infomap_multilayer.txt .  --tree -N 100 -f undirected,9.5395,1
292,8325147,./Infomap infomap_multilayer.txt . --tree -2 -N 100 -f undirected,9.537669999999999,1
292,8325147,./Infomap infomap_multilayer.txt .  --tree -N 100 -f undirected,9.537669999999999,1
294,8325149,./Infomap infomap_multilayer.txt . --tree -2 -N 100 -f undirected,9.54261,1
294,8325149,./Infomap infomap_multilayer.txt .  --tree -N 100 -f undirected,9.54261,1
289,8325144,./Infomap infomap_multilayer.txt . --tree -2 -N 100 -f undirected,9.540049999999999,1
289,8325144,./Infomap infomap_multilayer.txt .  --tree -N 100 -f undirected,9.540049999999999,NA
301,8325156,./Infomap infomap_multilayer.txt . --tree -2 -N 100 -f undirected,9.548819999999997,1
301,8325156,./Infomap infomap_multilayer.txt .  --tree -N 100 -f undirected,9.548819999999997,1
304,8325159,./Infomap infomap_multilayer.txt . --tree -2 -N 100 -f undirected,9.531059999999998,1
304,8325159,./Infomap infomap_multilayer.txt .  --tree -N 100 -f undirected,9.531059999999998,1
300,8325155,./Infomap infomap_multilayer.txt . --tree -2 -N 100 -f undirected,9.541289999999998,1
300,8325155,./Infomap infomap_multilayer.txt .  --tree -N 100 -f undirected,9.541289999999998,1
297,8325152,./Infomap infomap_multilayer.txt . --tree -2 -N 100 -f undirected,9.541939999999999,1
297,8325152,./Infomap infomap_multilayer.txt .  --tree -N 100 -f undirected,9.541939999999999,1
296,8325151,./Infomap infomap_multilayer.txt . --tree -2 -N 100 -f undirected,9.54028,1
296,8325151,./Infomap infomap_multilayer.txt .  --tree -N 100 -f undirected,9.54028,1
275,8325130,./Infomap infomap_multilayer.txt . --tree -2 -N 100 -f undirected,9.54293,1
275,8325130,./Infomap infomap_multilayer.txt .  --tree -N 100 -f undirected,9.54293,1
291,8325146,./Infomap infomap_multilayer.txt . --tree -2 -N 100 -f undirected,9.537329999999999,1
291,8325146,./Infomap infomap_multilayer.txt .  --tree -N 100 -f undirected,9.537329999999999,1
287,8325142,./Infomap infomap_multilayer.txt . --tree -2 -N 100 -f undirected,9.541109999999998,1
287,8325142,./Infomap infomap_multilayer.txt .  --tree -N 100 -f undirected,9.541109999999998,1
302,8325157,./Infomap infomap_multilayer.txt . --tree -2 -N 100 -f undirected,9.53173,1
302,8325157,./Infomap infomap_multilayer.txt .  --tree -N 100 -f undirected,9.53173,1
299,8325154,./Infomap infomap_multilayer.txt . --tree -2 -N 100 -f undirected,9.542119999999999,1
299,8325154,./Infomap infomap_multilayer.txt .  --tree -N 100 -f undirected,9.542119999999999,1
298,8325153,./Infomap infomap_multilayer.txt . --tree -2 -N 100 -f undirected,9.54042,1
298,8325153,./Infomap infomap_multilayer.txt .  --tree -N 100 -f undirected,9.54042,1
276,8325131,./Infomap infomap_multilayer.txt . --tree -2 -N 100 -f undirected,9.53383,1
276,8325131,./Infomap infomap_multilayer.txt .  --tree -N 100 -f undirected,9.53383,1
306,8325161,./Infomap infomap_multilayer.txt . --tree -2 -N 100 -f undirected,9.53051,1
306,8325161,./Infomap infomap_multilayer.txt .  --tree -N 100 -f undirected,9.53051,1
319,8325174,./Infomap infomap_multilayer.txt . --tree -2 -N 100 -f undirected,9.538069999999998,1
319,8325174,./Infomap infomap_multilayer.txt .  --tree -N 100 -f undirected,9.538069999999998,1
321,8325176,./Infomap infomap_multilayer.txt . --tree -2 -N 100 -f undirected,9.53478,1
321,8325176,./Infomap infomap_multilayer.txt .  --tree -N 100 -f undirected,9.53478,1
334,8325189,./Infomap infomap_multilayer.txt . --tree -2 -N 100 -f undirected,9.535269999999999,1
334,8325189,./Infomap infomap_multilayer.txt .  --tree -N 100 -f undirected,9.535269999999999,1
330,8325185,./Infomap infomap_multilayer.txt . --tree -2 -N 100 -f undirected,9.52994,1
330,8325185,./Infomap infomap_multilayer.txt .  --tree -N 100 -f undirected,9.52994,1
317,8325172,./Infomap infomap_multilayer.txt . --tree -2 -N 100 -f undirected,9.54319,1
317,8325172,./Infomap infomap_multilayer.txt .  --tree -N 100 -f undirected,9.54319,1
331,8325186,./Infomap infomap_multilayer.txt . --tree -2 -N 100 -f undirected,9.531619999999998,1
331,8325186,./Infomap infomap_multilayer.txt .  --tree -N 100 -f undirected,9.531619999999998,1
333,8325188,./Infomap infomap_multilayer.txt . --tree -2 -N 100 -f undirected,9.537339999999999,1
333,8325188,./Infomap infomap_multilayer.txt .  --tree -N 100 -f undirected,9.537339999999999,1
313,8325168,./Infomap infomap_multilayer.txt . --tree -2 -N 100 -f undirected,9.539159999999999,1
313,8325168,./Infomap infomap_multilayer.txt .  --tree -N 100 -f undirected,9.539159999999999,NA
336,8325191,./Infomap infomap_multilayer.txt . --tree -2 -N 100 -f undirected,9.547119999999998,1
336,8325191,./Infomap infomap_multilayer.txt .  --tree -N 100 -f undirected,9.547119999999998,1
328,8325183,./Infomap infomap_multilayer.txt . --tree -2 -N 100 -f undirected,9.540219999999998,1
328,8325183,./Infomap infomap_multilayer.txt .  --tree -N 100 -f undirected,9.540219999999998,1
305,8325160,./Infomap infomap_multilayer.txt . --tree -2 -N 100 -f undirected,9.540209999999998,1
305,8325160,./Infomap infomap_multilayer.txt .  --tree -N 100 -f undirected,9.540209999999998,1
322,8325177,./Infomap infomap_multilayer.txt . --tree -2 -N 100 -f undirected,9.53745,1
322,8325177,./Infomap infomap_multilayer.txt .  --tree -N 100 -f undirected,9.53745,1
323,8325178,./Infomap infomap_multilayer.txt . --tree -2 -N 100 -f undirected,9.53923,1
323,8325178,./Infomap infomap_multilayer.txt .  --tree -N 100 -f undirected,9.53923,1
332,8325187,./Infomap infomap_multilayer.txt . --tree -2 -N 100 -f undirected,9.53505,1
332,8325187,./Infomap infomap_multilayer.txt .  --tree -N 100 -f undirected,9.53505,1
308,8325163,./Infomap infomap_multilayer.txt . --tree -2 -N 100 -f undirected,9.53541,1
308,8325163,./Infomap infomap_multilayer.txt .  --tree -N 100 -f undirected,9.53541,1
325,8325180,./Infomap infomap_multilayer.txt . --tree -2 -N 100 -f undirected,9.544899999999998,1
325,8325180,./Infomap infomap_multilayer.txt .  --tree -N 100 -f undirected,9.544899999999998,1
311,8325166,./Infomap infomap_multilayer.txt . --tree -2 -N 100 -f undirected,9.544599999999999,1
311,8325166,./Infomap infomap_multilayer.txt .  --tree -N 100 -f undirected,9.544599999999999,1
320,8325175,./Infomap infomap_multilayer.txt . --tree -2 -N 100 -f undirected,9.54565,1
320,8325175,./Infomap infomap_multilayer.txt .  --tree -N 100 -f undirected,9.54565,1
327,8325182,./Infomap infomap_multilayer.txt . --tree -2 -N 100 -f undirected,9.53695,1
327,8325182,./Infomap infomap_multilayer.txt .  --tree -N 100 -f undirected,9.53695,1
307,8325162,./Infomap infomap_multilayer.txt . --tree -2 -N 100 -f undirected,9.5452,1
307,8325162,./Infomap infomap_multilayer.txt .  --tree -N 100 -f undirected,9.5452,1
310,8325165,./Infomap infomap_multilayer.txt . --tree -2 -N 100 -f undirected,9.543859999999999,1
310,8325165,./Infomap infomap_multilayer.txt .  --tree -N 100 -f undirected,9.543859999999999,1
324,8325179,./Infomap infomap_multilayer.txt . --tree -2 -N 100 -f undirected,9.533349999999999,1
324,8325179,./Infomap infomap_multilayer.txt .  --tree -N 100 -f undirected,9.533349999999999,1
314,8325169,./Infomap infomap_multilayer.txt . --tree -2 -N 100 -f undirected,9.54364,1
314,8325169,./Infomap infomap_multilayer.txt .  --tree -N 100 -f undirected,9.54364,1
335,8325190,./Infomap infomap_multilayer.txt . --tree -2 -N 100 -f undirected,9.538979999999999,1
335,8325190,./Infomap infomap_multilayer.txt .  --tree -N 100 -f undirected,9.538979999999999,1
312,8325167,./Infomap infomap_multilayer.txt . --tree -2 -N 100 -f undirected,9.545580000000001,1
312,8325167,./Infomap infomap_multilayer.txt .  --tree -N 100 -f undirected,9.545580000000001,1
315,8325170,./Infomap infomap_multilayer.txt . --tree -2 -N 100 -f undirected,9.538909999999998,1
315,8325170,./Infomap infomap_multilayer.txt .  --tree -N 100 -f undirected,9.538909999999998,1
329,8325184,./Infomap infomap_multilayer.txt . --tree -2 -N 100 -f undirected,9.53915,1
329,8325184,./Infomap infomap_multilayer.txt .  --tree -N 100 -f undirected,9.53915,NA
318,8325173,./Infomap infomap_multilayer.txt . --tree -2 -N 100 -f undirected,9.54084,1
318,8325173,./Infomap infomap_multilayer.txt .  --tree -N 100 -f undirected,9.54084,1
326,8325181,./Infomap infomap_multilayer.txt . --tree -2 -N 100 -f undirected,9.5498,1
326,8325181,./Infomap infomap_multilayer.txt .  --tree -N 100 -f undirected,9.5498,1
316,8325171,./Infomap infomap_multilayer.txt . --tree -2 -N 100 -f undirected,9.53863,1
316,8325171,./Infomap infomap_multilayer.txt .  --tree -N 100 -f undirected,9.53863,1
309,8325164,./Infomap infomap_multilayer.txt . --tree -2 -N 100 -f undirected,9.54541,1
309,8325164,./Infomap infomap_multilayer.txt .  --tree -N 100 -f undirected,9.54541,1
337,8325192,./Infomap infomap_multilayer.txt . --tree -2 -N 100 -f undirected,9.53908,1
337,8325192,./Infomap infomap_multilayer.txt .  --tree -N 100 -f undirected,9.53908,1
255,8325110,./Infomap infomap_multilayer.txt . --tree -2 -N 100 -f undirected,8.86192,8
255,8325110,./Infomap infomap_multilayer.txt .  --tree -N 100 -f undirected,8.86192,NA
338,8325193,./Infomap infomap_multilayer.txt . --tree -2 -N 100 -f undirected,9.544909999999998,1
338,8325193,./Infomap infomap_multilayer.txt .  --tree -N 100 -f undirected,9.544909999999998,1
257,8325112,./Infomap infomap_multilayer.txt . --tree -2 -N 100 -f undirected,8.858410000000001,8
257,8325112,./Infomap infomap_multilayer.txt .  --tree -N 100 -f undirected,8.85836,7
339,8325194,./Infomap infomap_multilayer.txt . --tree -2 -N 100 -f undirected,9.538809999999998,1
339,8325194,./Infomap infomap_multilayer.txt .  --tree -N 100 -f undirected,9.538809999999998,1
340,8325195,./Infomap infomap_multilayer.txt . --tree -2 -N 100 -f undirected,9.53153,1
340,8325195,./Infomap infomap_multilayer.txt .  --tree -N 100 -f undirected,9.53153,1
341,8325196,./Infomap infomap_multilayer.txt . --tree -2 -N 100 -f undirected,9.540049999999999,1
341,8325196,./Infomap infomap_multilayer.txt .  --tree -N 100 -f undirected,9.540049999999999,1
344,8325199,./Infomap infomap_multilayer.txt . --tree -2 -N 100 -f undirected,9.541769999999998,1
344,8325199,./Infomap infomap_multilayer.txt .  --tree -N 100 -f undirected,9.541769999999998,1
345,8325200,./Infomap infomap_multilayer.txt . --tree -2 -N 100 -f undirected,9.531869999999998,1
345,8325200,./Infomap infomap_multilayer.txt .  --tree -N 100 -f undirected,9.531869999999998,1
342,8325197,./Infomap infomap_multilayer.txt . --tree -2 -N 100 -f undirected,9.530109999999999,1
342,8325197,./Infomap infomap_multilayer.txt .  --tree -N 100 -f undirected,9.530109999999999,1
343,8325198,./Infomap infomap_multilayer.txt . --tree -2 -N 100 -f undirected,9.53946,1
343,8325198,./Infomap infomap_multilayer.txt .  --tree -N 100 -f undirected,9.53946,1
357,8325212,./Infomap infomap_multilayer.txt . --tree -2 -N 100 -f undirected,9.540849999999999,1
357,8325212,./Infomap infomap_multilayer.txt .  --tree -N 100 -f undirected,9.540849999999999,1
348,8325203,./Infomap infomap_multilayer.txt . --tree -2 -N 100 -f undirected,9.53355,1
348,8325203,./Infomap infomap_multilayer.txt .  --tree -N 100 -f undirected,9.53355,1
353,8325208,./Infomap infomap_multilayer.txt . --tree -2 -N 100 -f undirected,9.542319999999998,1
353,8325208,./Infomap infomap_multilayer.txt .  --tree -N 100 -f undirected,9.542319999999998,1
354,8325209,./Infomap infomap_multilayer.txt . --tree -2 -N 100 -f undirected,9.53451,1
354,8325209,./Infomap infomap_multilayer.txt .  --tree -N 100 -f undirected,9.53451,1
359,8325214,./Infomap infomap_multilayer.txt . --tree -2 -N 100 -f undirected,9.538309999999997,1
359,8325214,./Infomap infomap_multilayer.txt .  --tree -N 100 -f undirected,9.538309999999997,NA
352,8325207,./Infomap infomap_multilayer.txt . --tree -2 -N 100 -f undirected,9.544379999999999,1
352,8325207,./Infomap infomap_multilayer.txt .  --tree -N 100 -f undirected,9.544379999999999,1
358,8325213,./Infomap infomap_multilayer.txt . --tree -2 -N 100 -f undirected,9.541719999999998,1
358,8325213,./Infomap infomap_multilayer.txt .  --tree -N 100 -f undirected,9.541719999999998,1
346,8325201,./Infomap infomap_multilayer.txt . --tree -2 -N 100 -f undirected,9.531209999999998,1
346,8325201,./Infomap infomap_multilayer.txt .  --tree -N 100 -f undirected,9.531209999999998,1
349,8325204,./Infomap infomap_multilayer.txt . --tree -2 -N 100 -f undirected,9.544909999999998,1
349,8325204,./Infomap infomap_multilayer.txt .  --tree -N 100 -f undirected,9.544909999999998,1
350,8325205,./Infomap infomap_multilayer.txt . --tree -2 -N 100 -f undirected,9.54256,1
350,8325205,./Infomap infomap_multilayer.txt .  --tree -N 100 -f undirected,9.54256,1
360,8325215,./Infomap infomap_multilayer.txt . --tree -2 -N 100 -f undirected,9.539319999999998,1
360,8325215,./Infomap infomap_multilayer.txt .  --tree -N 100 -f undirected,9.539319999999998,1
356,8325211,./Infomap infomap_multilayer.txt . --tree -2 -N 100 -f undirected,9.544099999999998,1
356,8325211,./Infomap infomap_multilayer.txt .  --tree -N 100 -f undirected,9.544099999999998,NA
351,8325206,./Infomap infomap_multilayer.txt . --tree -2 -N 100 -f undirected,9.541269999999997,1
351,8325206,./Infomap infomap_multilayer.txt .  --tree -N 100 -f undirected,9.541269999999997,1
355,8325210,./Infomap infomap_multilayer.txt . --tree -2 -N 100 -f undirected,9.534199999999998,1
355,8325210,./Infomap infomap_multilayer.txt .  --tree -N 100 -f undirected,9.534199999999998,1
347,8325202,./Infomap infomap_multilayer.txt . --tree -2 -N 100 -f undirected,9.541739999999999,1
347,8325202,./Infomap infomap_multilayer.txt .  --tree -N 100 -f undirected,9.541739999999999,1
364,8325219,./Infomap infomap_multilayer.txt . --tree -2 -N 100 -f undirected,9.54444,1
364,8325219,./Infomap infomap_multilayer.txt .  --tree -N 100 -f undirected,9.54444,1
367,8325222,./Infomap infomap_multilayer.txt . --tree -2 -N 100 -f undirected,9.53019,1
367,8325222,./Infomap infomap_multilayer.txt .  --tree -N 100 -f undirected,9.53019,1
361,8325216,./Infomap infomap_multilayer.txt . --tree -2 -N 100 -f undirected,9.531339999999998,1
361,8325216,./Infomap infomap_multilayer.txt .  --tree -N 100 -f undirected,9.531339999999998,1
372,8325227,./Infomap infomap_multilayer.txt . --tree -2 -N 100 -f undirected,9.540119999999998,1
372,8325227,./Infomap infomap_multilayer.txt .  --tree -N 100 -f undirected,9.540119999999998,1
385,8325240,./Infomap infomap_multilayer.txt . --tree -2 -N 100 -f undirected,9.537169999999998,1
385,8325240,./Infomap infomap_multilayer.txt .  --tree -N 100 -f undirected,9.537169999999998,1
392,8325247,./Infomap infomap_multilayer.txt . --tree -2 -N 100 -f undirected,9.53288,1
392,8325247,./Infomap infomap_multilayer.txt .  --tree -N 100 -f undirected,9.53288,1
371,8325226,./Infomap infomap_multilayer.txt . --tree -2 -N 100 -f undirected,9.53783,1
371,8325226,./Infomap infomap_multilayer.txt .  --tree -N 100 -f undirected,9.53783,1
380,8325235,./Infomap infomap_multilayer.txt . --tree -2 -N 100 -f undirected,9.542019999999999,1
380,8325235,./Infomap infomap_multilayer.txt .  --tree -N 100 -f undirected,9.542019999999999,1
381,8325236,./Infomap infomap_multilayer.txt . --tree -2 -N 100 -f undirected,9.537069999999998,1
381,8325236,./Infomap infomap_multilayer.txt .  --tree -N 100 -f undirected,9.537069999999998,1
373,8325228,./Infomap infomap_multilayer.txt . --tree -2 -N 100 -f undirected,9.54384,1
373,8325228,./Infomap infomap_multilayer.txt .  --tree -N 100 -f undirected,9.54384,NA
368,8325223,./Infomap infomap_multilayer.txt . --tree -2 -N 100 -f undirected,9.547469999999999,1
368,8325223,./Infomap infomap_multilayer.txt .  --tree -N 100 -f undirected,9.547469999999999,NA
391,8325246,./Infomap infomap_multilayer.txt . --tree -2 -N 100 -f undirected,9.541879999999999,1
391,8325246,./Infomap infomap_multilayer.txt .  --tree -N 100 -f undirected,9.541879999999999,1
366,8325221,./Infomap infomap_multilayer.txt . --tree -2 -N 100 -f undirected,9.53929,1
366,8325221,./Infomap infomap_multilayer.txt .  --tree -N 100 -f undirected,9.53929,1
362,8325217,./Infomap infomap_multilayer.txt . --tree -2 -N 100 -f undirected,9.54342,1
362,8325217,./Infomap infomap_multilayer.txt .  --tree -N 100 -f undirected,9.54342,1
378,8325233,./Infomap infomap_multilayer.txt . --tree -2 -N 100 -f undirected,9.54003,1
378,8325233,./Infomap infomap_multilayer.txt .  --tree -N 100 -f undirected,9.54003,1
365,8325220,./Infomap infomap_multilayer.txt . --tree -2 -N 100 -f undirected,9.55066,1
365,8325220,./Infomap infomap_multilayer.txt .  --tree -N 100 -f undirected,9.55066,1
370,8325225,./Infomap infomap_multilayer.txt . --tree -2 -N 100 -f undirected,9.53363,1
370,8325225,./Infomap infomap_multilayer.txt .  --tree -N 100 -f undirected,9.53363,1
375,8325230,./Infomap infomap_multilayer.txt . --tree -2 -N 100 -f undirected,9.536209999999999,1
375,8325230,./Infomap infomap_multilayer.txt .  --tree -N 100 -f undirected,9.536209999999999,1
376,8325231,./Infomap infomap_multilayer.txt . --tree -2 -N 100 -f undirected,9.534699999999999,1
376,8325231,./Infomap infomap_multilayer.txt .  --tree -N 100 -f undirected,9.534699999999999,1
389,8325244,./Infomap infomap_multilayer.txt . --tree -2 -N 100 -f undirected,9.54361,1
389,8325244,./Infomap infomap_multilayer.txt .  --tree -N 100 -f undirected,9.54361,1
374,8325229,./Infomap infomap_multilayer.txt . --tree -2 -N 100 -f undirected,9.54341,1
374,8325229,./Infomap infomap_multilayer.txt .  --tree -N 100 -f undirected,9.54341,NA
387,8325242,./Infomap infomap_multilayer.txt . --tree -2 -N 100 -f undirected,9.53963,1
387,8325242,./Infomap infomap_multilayer.txt .  --tree -N 100 -f undirected,9.53963,1
388,8325243,./Infomap infomap_multilayer.txt . --tree -2 -N 100 -f undirected,9.54209,1
388,8325243,./Infomap infomap_multilayer.txt .  --tree -N 100 -f undirected,9.54209,1
363,8325218,./Infomap infomap_multilayer.txt . --tree -2 -N 100 -f undirected,9.529,1
363,8325218,./Infomap infomap_multilayer.txt .  --tree -N 100 -f undirected,9.529,1
383,8325238,./Infomap infomap_multilayer.txt . --tree -2 -N 100 -f undirected,9.53918,1
383,8325238,./Infomap infomap_multilayer.txt .  --tree -N 100 -f undirected,9.53918,1
390,8325245,./Infomap infomap_multilayer.txt . --tree -2 -N 100 -f undirected,9.53655,1
390,8325245,./Infomap infomap_multilayer.txt .  --tree -N 100 -f undirected,9.53655,1
369,8325224,./Infomap infomap_multilayer.txt . --tree -2 -N 100 -f undirected,9.543359999999998,1
369,8325224,./Infomap infomap_multilayer.txt .  --tree -N 100 -f undirected,9.543359999999998,1
386,8325241,./Infomap infomap_multilayer.txt . --tree -2 -N 100 -f undirected,9.544289999999998,1
386,8325241,./Infomap infomap_multilayer.txt .  --tree -N 100 -f undirected,9.544289999999998,1
382,8325237,./Infomap infomap_multilayer.txt . --tree -2 -N 100 -f undirected,9.5437,1
382,8325237,./Infomap infomap_multilayer.txt .  --tree -N 100 -f undirected,9.5437,NA
379,8325234,./Infomap infomap_multilayer.txt . --tree -2 -N 100 -f undirected,9.54349,1
379,8325234,./Infomap infomap_multilayer.txt .  --tree -N 100 -f undirected,9.54349,1
377,8325232,./Infomap infomap_multilayer.txt . --tree -2 -N 100 -f undirected,9.5357,1
377,8325232,./Infomap infomap_multilayer.txt .  --tree -N 100 -f undirected,9.5357,1
415,8325270,./Infomap infomap_multilayer.txt . --tree -2 -N 100 -f undirected,9.54283,1
415,8325270,./Infomap infomap_multilayer.txt .  --tree -N 100 -f undirected,9.54283,NA
418,8325273,./Infomap infomap_multilayer.txt . --tree -2 -N 100 -f undirected,9.53676,1
418,8325273,./Infomap infomap_multilayer.txt .  --tree -N 100 -f undirected,9.53676,NA
404,8325259,./Infomap infomap_multilayer.txt . --tree -2 -N 100 -f undirected,9.541849999999998,1
404,8325259,./Infomap infomap_multilayer.txt .  --tree -N 100 -f undirected,9.541849999999998,NA
402,8325257,./Infomap infomap_multilayer.txt . --tree -2 -N 100 -f undirected,9.54028,1
402,8325257,./Infomap infomap_multilayer.txt .  --tree -N 100 -f undirected,9.54028,1
405,8325260,./Infomap infomap_multilayer.txt . --tree -2 -N 100 -f undirected,9.534269999999998,1
405,8325260,./Infomap infomap_multilayer.txt .  --tree -N 100 -f undirected,9.534269999999998,1
403,8325258,./Infomap infomap_multilayer.txt . --tree -2 -N 100 -f undirected,9.540069999999998,1
403,8325258,./Infomap infomap_multilayer.txt .  --tree -N 100 -f undirected,9.540069999999998,1
416,8325271,./Infomap infomap_multilayer.txt . --tree -2 -N 100 -f undirected,9.54154,1
416,8325271,./Infomap infomap_multilayer.txt .  --tree -N 100 -f undirected,9.54154,1
409,8325264,./Infomap infomap_multilayer.txt . --tree -2 -N 100 -f undirected,9.54523,1
409,8325264,./Infomap infomap_multilayer.txt .  --tree -N 100 -f undirected,9.54523,1
419,8325274,./Infomap infomap_multilayer.txt . --tree -2 -N 100 -f undirected,9.540119999999998,1
419,8325274,./Infomap infomap_multilayer.txt .  --tree -N 100 -f undirected,9.540119999999998,1
417,8325272,./Infomap infomap_multilayer.txt . --tree -2 -N 100 -f undirected,9.54065,1
417,8325272,./Infomap infomap_multilayer.txt .  --tree -N 100 -f undirected,9.54065,1
394,8325249,./Infomap infomap_multilayer.txt . --tree -2 -N 100 -f undirected,9.534309999999998,1
394,8325249,./Infomap infomap_multilayer.txt .  --tree -N 100 -f undirected,9.534309999999998,NA
397,8325252,./Infomap infomap_multilayer.txt . --tree -2 -N 100 -f undirected,9.54088,1
397,8325252,./Infomap infomap_multilayer.txt .  --tree -N 100 -f undirected,9.54088,1
413,8325268,./Infomap infomap_multilayer.txt . --tree -2 -N 100 -f undirected,9.534389999999998,1
413,8325268,./Infomap infomap_multilayer.txt .  --tree -N 100 -f undirected,9.534389999999998,1
400,8325255,./Infomap infomap_multilayer.txt . --tree -2 -N 100 -f undirected,9.53904,1
400,8325255,./Infomap infomap_multilayer.txt .  --tree -N 100 -f undirected,9.53904,NA
410,8325265,./Infomap infomap_multilayer.txt . --tree -2 -N 100 -f undirected,9.5428,1
410,8325265,./Infomap infomap_multilayer.txt .  --tree -N 100 -f undirected,9.5428,1
408,8325263,./Infomap infomap_multilayer.txt . --tree -2 -N 100 -f undirected,9.543369999999998,1
408,8325263,./Infomap infomap_multilayer.txt .  --tree -N 100 -f undirected,9.543369999999998,1
395,8325250,./Infomap infomap_multilayer.txt . --tree -2 -N 100 -f undirected,9.5337,1
395,8325250,./Infomap infomap_multilayer.txt .  --tree -N 100 -f undirected,9.5337,1
407,8325262,./Infomap infomap_multilayer.txt . --tree -2 -N 100 -f undirected,9.537369999999997,1
407,8325262,./Infomap infomap_multilayer.txt .  --tree -N 100 -f undirected,9.537369999999997,NA
401,8325256,./Infomap infomap_multilayer.txt . --tree -2 -N 100 -f undirected,9.545209999999999,1
401,8325256,./Infomap infomap_multilayer.txt .  --tree -N 100 -f undirected,9.545209999999999,1
393,8325248,./Infomap infomap_multilayer.txt . --tree -2 -N 100 -f undirected,9.53688,1
393,8325248,./Infomap infomap_multilayer.txt .  --tree -N 100 -f undirected,9.53688,NA
406,8325261,./Infomap infomap_multilayer.txt . --tree -2 -N 100 -f undirected,9.54159,1
406,8325261,./Infomap infomap_multilayer.txt .  --tree -N 100 -f undirected,9.54159,1
399,8325254,./Infomap infomap_multilayer.txt . --tree -2 -N 100 -f undirected,9.53778,1
399,8325254,./Infomap infomap_multilayer.txt .  --tree -N 100 -f undirected,9.53778,1
411,8325266,./Infomap infomap_multilayer.txt . --tree -2 -N 100 -f undirected,9.545,1
411,8325266,./Infomap infomap_multilayer.txt .  --tree -N 100 -f undirected,9.545,1
396,8325251,./Infomap infomap_multilayer.txt . --tree -2 -N 100 -f undirected,9.534209999999998,1
396,8325251,./Infomap infomap_multilayer.txt .  --tree -N 100 -f undirected,9.534209999999998,1
412,8325267,./Infomap infomap_multilayer.txt . --tree -2 -N 100 -f undirected,9.541319999999997,1
412,8325267,./Infomap infomap_multilayer.txt .  --tree -N 100 -f undirected,9.541319999999997,1
414,8325269,./Infomap infomap_multilayer.txt . --tree -2 -N 100 -f undirected,9.53843,1
414,8325269,./Infomap infomap_multilayer.txt .  --tree -N 100 -f undirected,9.53843,1
398,8325253,./Infomap infomap_multilayer.txt . --tree -2 -N 100 -f undirected,9.53951,1
398,8325253,./Infomap infomap_multilayer.txt .  --tree -N 100 -f undirected,9.53951,1
420,8325275,./Infomap infomap_multilayer.txt . --tree -2 -N 100 -f undirected,9.53634,1
420,8325275,./Infomap infomap_multilayer.txt .  --tree -N 100 -f undirected,9.53634,1
421,8325276,./Infomap infomap_multilayer.txt . --tree -2 -N 100 -f undirected,9.543249999999999,1
421,8325276,./Infomap infomap_multilayer.txt .  --tree -N 100 -f undirected,9.543249999999999,1
384,8325239,./Infomap infomap_multilayer.txt . --tree -2 -N 100 -f undirected,8.872190000000002,6
384,8325239,./Infomap infomap_multilayer.txt .  --tree -N 100 -f undirected,8.86091,6
422,8325277,./Infomap infomap_multilayer.txt . --tree -2 -N 100 -f undirected,9.536389999999999,1
422,8325277,./Infomap infomap_multilayer.txt .  --tree -N 100 -f undirected,9.536389999999999,1
423,8325278,./Infomap infomap_multilayer.txt . --tree -2 -N 100 -f undirected,9.5365,1
423,8325278,./Infomap infomap_multilayer.txt .  --tree -N 100 -f undirected,9.5365,1
424,8325279,./Infomap infomap_multilayer.txt . --tree -2 -N 100 -f undirected,9.541389999999998,1
424,8325279,./Infomap infomap_multilayer.txt .  --tree -N 100 -f undirected,9.541389999999998,1
426,8325281,./Infomap infomap_multilayer.txt . --tree -2 -N 100 -f undirected,9.540719999999999,1
426,8325281,./Infomap infomap_multilayer.txt .  --tree -N 100 -f undirected,9.540719999999999,1
425,8325280,./Infomap infomap_multilayer.txt . --tree -2 -N 100 -f undirected,9.53229,1
425,8325280,./Infomap infomap_multilayer.txt .  --tree -N 100 -f undirected,9.53229,1
427,8325282,./Infomap infomap_multilayer.txt . --tree -2 -N 100 -f undirected,9.53465,1
427,8325282,./Infomap infomap_multilayer.txt .  --tree -N 100 -f undirected,9.53465,1
428,8325283,./Infomap infomap_multilayer.txt . --tree -2 -N 100 -f undirected,9.541149999999998,1
428,8325283,./Infomap infomap_multilayer.txt .  --tree -N 100 -f undirected,9.541149999999998,1
431,8325286,./Infomap infomap_multilayer.txt . --tree -2 -N 100 -f undirected,9.54599,1
431,8325286,./Infomap infomap_multilayer.txt .  --tree -N 100 -f undirected,9.54599,1
433,8325288,./Infomap infomap_multilayer.txt . --tree -2 -N 100 -f undirected,9.53188,1
433,8325288,./Infomap infomap_multilayer.txt .  --tree -N 100 -f undirected,9.53188,1
429,8325284,./Infomap infomap_multilayer.txt . --tree -2 -N 100 -f undirected,9.547299999999998,1
429,8325284,./Infomap infomap_multilayer.txt .  --tree -N 100 -f undirected,9.547299999999998,1
432,8325287,./Infomap infomap_multilayer.txt . --tree -2 -N 100 -f undirected,9.53798,1
432,8325287,./Infomap infomap_multilayer.txt .  --tree -N 100 -f undirected,9.53798,1
430,8325285,./Infomap infomap_multilayer.txt . --tree -2 -N 100 -f undirected,9.53665,1
430,8325285,./Infomap infomap_multilayer.txt .  --tree -N 100 -f undirected,9.53665,NA
449,8325304,./Infomap infomap_multilayer.txt . --tree -2 -N 100 -f undirected,9.53788,1
449,8325304,./Infomap infomap_multilayer.txt .  --tree -N 100 -f undirected,9.53788,1
440,8325295,./Infomap infomap_multilayer.txt . --tree -2 -N 100 -f undirected,9.54284,1
440,8325295,./Infomap infomap_multilayer.txt .  --tree -N 100 -f undirected,9.54284,1
443,8325298,./Infomap infomap_multilayer.txt . --tree -2 -N 100 -f undirected,9.5377,1
443,8325298,./Infomap infomap_multilayer.txt .  --tree -N 100 -f undirected,9.5377,1
438,8325293,./Infomap infomap_multilayer.txt . --tree -2 -N 100 -f undirected,9.542349999999999,1
438,8325293,./Infomap infomap_multilayer.txt .  --tree -N 100 -f undirected,9.542349999999999,1
445,8325300,./Infomap infomap_multilayer.txt . --tree -2 -N 100 -f undirected,9.53647,1
445,8325300,./Infomap infomap_multilayer.txt .  --tree -N 100 -f undirected,9.53647,NA
437,8325292,./Infomap infomap_multilayer.txt . --tree -2 -N 100 -f undirected,9.534259999999998,1
437,8325292,./Infomap infomap_multilayer.txt .  --tree -N 100 -f undirected,9.534259999999998,1
446,8325301,./Infomap infomap_multilayer.txt . --tree -2 -N 100 -f undirected,9.54261,1
446,8325301,./Infomap infomap_multilayer.txt .  --tree -N 100 -f undirected,9.54261,1
448,8325303,./Infomap infomap_multilayer.txt . --tree -2 -N 100 -f undirected,9.53169,1
448,8325303,./Infomap infomap_multilayer.txt .  --tree -N 100 -f undirected,9.53169,1
441,8325296,./Infomap infomap_multilayer.txt . --tree -2 -N 100 -f undirected,9.535580000000001,1
441,8325296,./Infomap infomap_multilayer.txt .  --tree -N 100 -f undirected,9.535580000000001,1
435,8325290,./Infomap infomap_multilayer.txt . --tree -2 -N 100 -f undirected,9.53929,1
435,8325290,./Infomap infomap_multilayer.txt .  --tree -N 100 -f undirected,9.53929,1
444,8325299,./Infomap infomap_multilayer.txt . --tree -2 -N 100 -f undirected,9.537849999999999,1
444,8325299,./Infomap infomap_multilayer.txt .  --tree -N 100 -f undirected,9.537849999999999,1
447,8325302,./Infomap infomap_multilayer.txt . --tree -2 -N 100 -f undirected,9.541929999999999,1
447,8325302,./Infomap infomap_multilayer.txt .  --tree -N 100 -f undirected,9.541929999999999,1
442,8325297,./Infomap infomap_multilayer.txt . --tree -2 -N 100 -f undirected,9.53961,1
442,8325297,./Infomap infomap_multilayer.txt .  --tree -N 100 -f undirected,9.53961,1
434,8325289,./Infomap infomap_multilayer.txt . --tree -2 -N 100 -f undirected,9.53228,1
434,8325289,./Infomap infomap_multilayer.txt .  --tree -N 100 -f undirected,9.53228,NA
439,8325294,./Infomap infomap_multilayer.txt . --tree -2 -N 100 -f undirected,9.541259999999998,1
439,8325294,./Infomap infomap_multilayer.txt .  --tree -N 100 -f undirected,9.541259999999998,1
436,8325291,./Infomap infomap_multilayer.txt . --tree -2 -N 100 -f undirected,9.527019999999998,1
436,8325291,./Infomap infomap_multilayer.txt .  --tree -N 100 -f undirected,9.527019999999998,1
453,8325308,./Infomap infomap_multilayer.txt . --tree -2 -N 100 -f undirected,9.544669999999998,1
453,8325308,./Infomap infomap_multilayer.txt .  --tree -N 100 -f undirected,9.544669999999998,NA
460,8325315,./Infomap infomap_multilayer.txt . --tree -2 -N 100 -f undirected,9.53445,1
460,8325315,./Infomap infomap_multilayer.txt .  --tree -N 100 -f undirected,9.53445,1
458,8325313,./Infomap infomap_multilayer.txt . --tree -2 -N 100 -f undirected,9.534699999999999,1
458,8325313,./Infomap infomap_multilayer.txt .  --tree -N 100 -f undirected,9.534699999999999,1
454,8325309,./Infomap infomap_multilayer.txt . --tree -2 -N 100 -f undirected,9.545169999999999,1
454,8325309,./Infomap infomap_multilayer.txt .  --tree -N 100 -f undirected,9.545169999999999,1
469,8325324,./Infomap infomap_multilayer.txt . --tree -2 -N 100 -f undirected,9.534809999999998,1
469,8325324,./Infomap infomap_multilayer.txt .  --tree -N 100 -f undirected,9.534809999999998,1
450,8325305,./Infomap infomap_multilayer.txt . --tree -2 -N 100 -f undirected,9.53967,1
450,8325305,./Infomap infomap_multilayer.txt .  --tree -N 100 -f undirected,9.53967,1
475,8325330,./Infomap infomap_multilayer.txt . --tree -2 -N 100 -f undirected,9.53498,1
475,8325330,./Infomap infomap_multilayer.txt .  --tree -N 100 -f undirected,9.53498,NA
457,8325312,./Infomap infomap_multilayer.txt . --tree -2 -N 100 -f undirected,9.539769999999999,1
457,8325312,./Infomap infomap_multilayer.txt .  --tree -N 100 -f undirected,9.539769999999999,1
471,8325326,./Infomap infomap_multilayer.txt . --tree -2 -N 100 -f undirected,9.528419999999999,1
471,8325326,./Infomap infomap_multilayer.txt .  --tree -N 100 -f undirected,9.528419999999999,1
474,8325329,./Infomap infomap_multilayer.txt . --tree -2 -N 100 -f undirected,9.538259999999998,1
474,8325329,./Infomap infomap_multilayer.txt .  --tree -N 100 -f undirected,9.538259999999998,1
468,8325323,./Infomap infomap_multilayer.txt . --tree -2 -N 100 -f undirected,9.54604,1
468,8325323,./Infomap infomap_multilayer.txt .  --tree -N 100 -f undirected,9.54604,1
477,8325332,./Infomap infomap_multilayer.txt . --tree -2 -N 100 -f undirected,9.54256,1
477,8325332,./Infomap infomap_multilayer.txt .  --tree -N 100 -f undirected,9.54256,1
455,8325310,./Infomap infomap_multilayer.txt . --tree -2 -N 100 -f undirected,9.543149999999999,1
455,8325310,./Infomap infomap_multilayer.txt .  --tree -N 100 -f undirected,9.543149999999999,NA
476,8325331,./Infomap infomap_multilayer.txt . --tree -2 -N 100 -f undirected,9.54547,1
476,8325331,./Infomap infomap_multilayer.txt .  --tree -N 100 -f undirected,9.54547,1
473,8325328,./Infomap infomap_multilayer.txt . --tree -2 -N 100 -f undirected,9.538739999999999,1
473,8325328,./Infomap infomap_multilayer.txt .  --tree -N 100 -f undirected,9.538739999999999,1
464,8325319,./Infomap infomap_multilayer.txt . --tree -2 -N 100 -f undirected,9.53944,1
464,8325319,./Infomap infomap_multilayer.txt .  --tree -N 100 -f undirected,9.53944,1
456,8325311,./Infomap infomap_multilayer.txt . --tree -2 -N 100 -f undirected,9.550550000000001,1
456,8325311,./Infomap infomap_multilayer.txt .  --tree -N 100 -f undirected,9.550550000000001,1
470,8325325,./Infomap infomap_multilayer.txt . --tree -2 -N 100 -f undirected,9.53699,1
470,8325325,./Infomap infomap_multilayer.txt .  --tree -N 100 -f undirected,9.53699,1
466,8325321,./Infomap infomap_multilayer.txt . --tree -2 -N 100 -f undirected,9.54576,1
466,8325321,./Infomap infomap_multilayer.txt .  --tree -N 100 -f undirected,9.54576,1
461,8325316,./Infomap infomap_multilayer.txt . --tree -2 -N 100 -f undirected,9.538269999999997,1
461,8325316,./Infomap infomap_multilayer.txt .  --tree -N 100 -f undirected,9.538269999999997,1
452,8325307,./Infomap infomap_multilayer.txt . --tree -2 -N 100 -f undirected,9.541389999999998,1
452,8325307,./Infomap infomap_multilayer.txt .  --tree -N 100 -f undirected,9.541389999999998,1
462,8325317,./Infomap infomap_multilayer.txt . --tree -2 -N 100 -f undirected,9.541039999999999,1
462,8325317,./Infomap infomap_multilayer.txt .  --tree -N 100 -f undirected,9.541039999999999,1
451,8325306,./Infomap infomap_multilayer.txt . --tree -2 -N 100 -f undirected,9.53453,1
451,8325306,./Infomap infomap_multilayer.txt .  --tree -N 100 -f undirected,9.53453,1
472,8325327,./Infomap infomap_multilayer.txt . --tree -2 -N 100 -f undirected,9.5516,1
472,8325327,./Infomap infomap_multilayer.txt .  --tree -N 100 -f undirected,9.5516,1
463,8325318,./Infomap infomap_multilayer.txt . --tree -2 -N 100 -f undirected,9.533309999999998,1
463,8325318,./Infomap infomap_multilayer.txt .  --tree -N 100 -f undirected,9.533309999999998,1
467,8325322,./Infomap infomap_multilayer.txt . --tree -2 -N 100 -f undirected,9.548649999999999,1
467,8325322,./Infomap infomap_multilayer.txt .  --tree -N 100 -f undirected,9.548649999999999,1
465,8325320,./Infomap infomap_multilayer.txt . --tree -2 -N 100 -f undirected,9.53967,1
465,8325320,./Infomap infomap_multilayer.txt .  --tree -N 100 -f undirected,9.53967,NA
459,8325314,./Infomap infomap_multilayer.txt . --tree -2 -N 100 -f undirected,9.541739999999999,1
459,8325314,./Infomap infomap_multilayer.txt .  --tree -N 100 -f undirected,9.541739999999999,1
489,8325344,./Infomap infomap_multilayer.txt . --tree -2 -N 100 -f undirected,9.53519,1
489,8325344,./Infomap infomap_multilayer.txt .  --tree -N 100 -f undirected,9.53519,NA
495,8325350,./Infomap infomap_multilayer.txt . --tree -2 -N 100 -f undirected,9.537349999999998,1
495,8325350,./Infomap infomap_multilayer.txt .  --tree -N 100 -f undirected,9.537349999999998,1
481,8325336,./Infomap infomap_multilayer.txt . --tree -2 -N 100 -f undirected,9.53989,1
481,8325336,./Infomap infomap_multilayer.txt .  --tree -N 100 -f undirected,9.53989,1
492,8325347,./Infomap infomap_multilayer.txt . --tree -2 -N 100 -f undirected,9.53056,1
492,8325347,./Infomap infomap_multilayer.txt .  --tree -N 100 -f undirected,9.53056,1
485,8325340,./Infomap infomap_multilayer.txt . --tree -2 -N 100 -f undirected,9.540319999999998,1
485,8325340,./Infomap infomap_multilayer.txt .  --tree -N 100 -f undirected,9.540319999999998,1
482,8325337,./Infomap infomap_multilayer.txt . --tree -2 -N 100 -f undirected,9.544969999999998,1
482,8325337,./Infomap infomap_multilayer.txt .  --tree -N 100 -f undirected,9.544969999999998,1
483,8325338,./Infomap infomap_multilayer.txt . --tree -2 -N 100 -f undirected,9.537019999999998,1
483,8325338,./Infomap infomap_multilayer.txt .  --tree -N 100 -f undirected,9.537019999999998,1
480,8325335,./Infomap infomap_multilayer.txt . --tree -2 -N 100 -f undirected,9.546759999999999,1
480,8325335,./Infomap infomap_multilayer.txt .  --tree -N 100 -f undirected,9.546759999999999,1
488,8325343,./Infomap infomap_multilayer.txt . --tree -2 -N 100 -f undirected,9.53352,1
488,8325343,./Infomap infomap_multilayer.txt .  --tree -N 100 -f undirected,9.53352,1
486,8325341,./Infomap infomap_multilayer.txt . --tree -2 -N 100 -f undirected,9.543339999999999,1
486,8325341,./Infomap infomap_multilayer.txt .  --tree -N 100 -f undirected,9.543339999999999,1
478,8325333,./Infomap infomap_multilayer.txt . --tree -2 -N 100 -f undirected,9.5336,1
478,8325333,./Infomap infomap_multilayer.txt .  --tree -N 100 -f undirected,9.5336,1
496,8325351,./Infomap infomap_multilayer.txt . --tree -2 -N 100 -f undirected,9.545369999999998,1
496,8325351,./Infomap infomap_multilayer.txt .  --tree -N 100 -f undirected,9.545369999999998,1
499,8325354,./Infomap infomap_multilayer.txt . --tree -2 -N 100 -f undirected,9.538019999999998,1
499,8325354,./Infomap infomap_multilayer.txt .  --tree -N 100 -f undirected,9.538019999999998,1
493,8325348,./Infomap infomap_multilayer.txt . --tree -2 -N 100 -f undirected,9.541959999999998,1
493,8325348,./Infomap infomap_multilayer.txt .  --tree -N 100 -f undirected,9.541959999999998,1
479,8325334,./Infomap infomap_multilayer.txt . --tree -2 -N 100 -f undirected,9.54573,1
479,8325334,./Infomap infomap_multilayer.txt .  --tree -N 100 -f undirected,9.54573,1
484,8325339,./Infomap infomap_multilayer.txt . --tree -2 -N 100 -f undirected,9.537239999999999,1
484,8325339,./Infomap infomap_multilayer.txt .  --tree -N 100 -f undirected,9.537239999999999,1
497,8325352,./Infomap infomap_multilayer.txt . --tree -2 -N 100 -f undirected,9.546899999999999,1
497,8325352,./Infomap infomap_multilayer.txt .  --tree -N 100 -f undirected,9.546899999999999,1
491,8325346,./Infomap infomap_multilayer.txt . --tree -2 -N 100 -f undirected,9.541009999999998,1
491,8325346,./Infomap infomap_multilayer.txt .  --tree -N 100 -f undirected,9.541009999999998,1
494,8325349,./Infomap infomap_multilayer.txt . --tree -2 -N 100 -f undirected,9.544209999999998,1
494,8325349,./Infomap infomap_multilayer.txt .  --tree -N 100 -f undirected,9.544209999999998,1
487,8325342,./Infomap infomap_multilayer.txt . --tree -2 -N 100 -f undirected,9.53918,1
487,8325342,./Infomap infomap_multilayer.txt .  --tree -N 100 -f undirected,9.53918,1
500,8325355,./Infomap infomap_multilayer.txt . --tree -2 -N 100 -f undirected,9.53464,1
500,8325355,./Infomap infomap_multilayer.txt .  --tree -N 100 -f undirected,9.53464,NA
498,8325353,./Infomap infomap_multilayer.txt . --tree -2 -N 100 -f undirected,9.543809999999999,1
498,8325353,./Infomap infomap_multilayer.txt .  --tree -N 100 -f undirected,9.543809999999999,1
490,8325345,./Infomap infomap_multilayer.txt . --tree -2 -N 100 -f undirected,9.540259999999998,1
490,8325345,./Infomap infomap_multilayer.txt .  --tree -N 100 -f undirected,9.540259999999998,1
